Gene,Allele,Annotation,Position,AF:0,AF:500,AF:1000,AF:1500,AF:2000,AF:2500,AF:3000,AF:3500,AF:4000,AF:4500,AF:5000,AF:5500,AF:6000,AF:6500,AF:7000,AF:7500,AF:8000,AF:8500,AF:9000,AF:9500,AF:10000,AF:10500,AF:11000,AF:11500,AF:12000,AF:12500,AF:13000,AF:13500,AF:14000,AF:14500,AF:15000,AF:15500,AF:16000,AF:16500,AF:17000,AF:17500,AF:18000,AF:18500,AF:19000,AF:19500,AF:20000,AF:20500,AF:21000,AF:21500,AF:22000,AF:22500,AF:23000,AF:23500,AF:24000,AF:24500,AF:25000,AF:25500,AF:26000,AF:26500,AF:27000,AF:27500,AF:28000,AF:28500,AF:29000,AF:29500,AF:30000,AF:30500,AF:31000,AF:31500,AF:32000,AF:32500,AF:33000,AF:33500,AF:34000,AF:34500,AF:35000,AF:35500,AF:36000,AF:36500,AF:37000,AF:37500,AF:38000,AF:38500,AF:39000,AF:39500,AF:40000,AF:40500,AF:41000,AF:41500,AF:42000,AF:42500,AF:43000,AF:43500,AF:44000,AF:44500,AF:45000,AF:45500,AF:46000,AF:47000,AF:47500,AF:48000,AF:48500,AF:49000,AF:49500,AF:50000,AF:50500,AF:51000,AF:51500,AF:52000,AF:52500,AF:53000,AF:53500,AF:54000,AF:54500,AF:55000,AF:55500,AF:56000,AF:56500,AF:57000,AF:57500,AF:58000,AF:58500,AF:59000,AF:59500,AF:60000
thrA,A->T,missense,2004,0,0,0,0,0,0,0,0,0,0,0,0,0,0,0,0,0,0,0,0,0,0,0,0,0,0,0,0,0,0,0,0,0,0,0,0,0,0,0,0,0,0,0,0,0,0,0,0,0,0,0,0,0,0,0,0,0,0,0,0,0,0,0,0,0,0.0769,0.04,0,0,0,0,0.0769,0.0444,0.3235,0.0741,0.1053,0,0,0,0,0,0,0,0,0,0,0,0,0,0,0,0,0,0,0,0,0,0,0,0,0,0,0,0,0,0,0,0,0,0,0,0,0,0,0,0,0,0,0,0
thrA,C->T,missense,2614,0,0,0,0,0,0,0,0,0,0,0,0,0,0,0,0,0,0,0,0,0,0,0,0,0,0,0,0,0,0,0,0,0,0,0,0,0,0,0,0,0,0,0,0,0,0,0,0,0,0.0323,0,0,0,0,0,0,0,0,0,0,0,0,0,0,0,0,0,0,0,0,0.0476,0,0,0,0,0,0,0,0,0,0,0,0,0,0.0217,0,0,0,0,0,0,0.0222,0.0227,0.0476,0.2424,0.3913,0.4865,0.3947,0.0893,0.0909,0,0,0,0,0,0,0,0,0,0,0,0,0,0,0,0,0,0,0,0
yaaX,MOB_5365_5373_IS1_-1,sv,5365,0,0,0,0,0,0,0,0,0,0,0,0,0,0,0,0,0,0.0123,0,0,0,0,0,0,0,0,0,0,0.0104,0,0,0,0,0,0,0,0,0,0,0,0,0,0.0195,0,0,0,0,0,0,0.0173,0,0,0.0154,0,0.0658,0.3524,0.3565,0.3915,0.1852,0.1682,0.1148,0.2955,0.2972,0.5693,0.2411,0.4086,0.3438,0.172,0.3314,0.0424,0.0117,0.6017,0.5656,0.7259,0.562,0.8352,0.8913,0.8992,0.9428,0.9404,0.9421,0.9453,0.8876,0.9389,0.9549,0.9812,0.8995,0.9823,0.9126,0.9341,0.7732,0.8903,0.9531,0.969,0.9595,0.9794,0.94,0.9186,0.9272,0.9278,0.9691,0.9532,1,0.9493,0.9517,0.9094,0.9612,0.8631,0.937,0.9111,0.9355,0.9083,0.9188,0.9487,0.9766,0.9092,0.941,0.9417,0.9252,0.9582
yabN,MOB_78888_78890_IS150_-1,sv,78888,0,0,0,0,0,0,0,0,0,0,0,0,0,0,0,0,0,0,0,0,0,0,0.0286,0,0,0,0,0,0,0,0,0,0,0,0,0,0,0,0,0,0,0,0,0,0,0,0,0,0.0083,0,0,0,0,0,0,0,0,0,0,0.051,0.3281,0.3654,0.2121,0.0392,0.1512,0.0606,0.05,0.0878,0,0,0.0227,0.3673,0.13,0.1719,0.1333,0.1591,0.022,0,0,0,0,0,0,0,0,0,0,0,0,0,0,0,0,0,0,0,0,0,0,0,0,0,0,0,0,0,0,0,0,0,0,0.0246,0,0,0,0.0159,0,0.0058,0,0.0047
ftsA,G->A,missense,106948,0,0,0,0,0,0,0,0,0,0,0,0,0,0,0,0,0,0,0,0,0,0,0,0,0,0,0,0,0,0,0,0,0,0,0,0,0,0,0,0,0,0,0,0,0,0,0,0,0,0,0,0,0,0,0,0,0,0,0,0,0,0,0,0,0,0,0,0,0,0,0,0,0,0,0,0,0,0,0,0,0,0,0,0,0,0,0,0,0,0,0.2609,0.9375,1,1,1,1,1,1,1,1,1,1,1,1,1,1,1,1,1,1,1,1,1,1,1,1,1,1,1,1
yadF,G->A,noncoding,145547,0,0,0,0,0,0,0,0,0,0,0,0,0,0,0,0,0,0,0,0,0,0,0,0,0,0,0,0,0,0,0,0,0,0,0,0,0,0,0,0,0,0,0,0,0,0,0,0,0,0,0,0,0,0,0,0.381,0.5217,0.1,0.2941,0.1143,0.2222,0.3548,0.25,0.5625,0.1842,0.25,0.45,0.1324,0.2857,0.0233,0.0222,0.5484,0.8085,0.6923,0.963,0.8947,0.9655,0.9167,1,1,1,1,1,1,1,0.9565,1,1,1,1,1,1,1,0.9333,1,1,1,1,1,1,1,1,0.9286,1,1,1,1,1,1,1,1,1,1,1,1,1,1,1,1,1
fadE,G->T,noncoding,247897,0,0,0,0,0,0,0,0,0,0,0,0,0,0,0,0,0,0,0,0,0,0,0,0,0,0,0,0.0185,0,0,0,0,0,0,0,0,0,0,0,0,0,0,0,0,0,0,0,0,0,0,0,0,0,0,0,0,0,0,0,0,0,0,0,0,0,0,0,0,0,0,0,0,0,0,0,0,0,0,0,0,0,0,0,0,0,0,0,0,0,0,0,0,0,0,0.0588,0.2258,0.3333,0.6,0.8554,0.9559,1,1,0.931,1,1,1,1,0.9855,1,1,1,1,1,1,1,1,1,1,1,1
intergenic,MOB_304709_304717_IS1_-1,sv,304709,0,0,0,0,0,0,0,0,0,0,0,0,0,0,0,0,0,0,0,0,0,0,0,0,0,0,0,0,0,0,0,0,0,0,0,0,0,0,0,0,0,0,0,0,0,0,0,0,0,0,0,0,0,0,0,0,0.097,0.5575,0.5406,0.6292,0.7919,0.5868,0.3902,0.349,0.6479,0.911,0.4284,0.2307,0.3015,0.2865,0.1177,0.2508,0.0857,0.269,0.0666,0.0714,0,0,0,0,0,0,0,0,0,0,0,0,0,0,0,0,0,0,0,0,0,0,0,0,0,0,0,0,0,0,0,0,0,0,0,0,0,0,0,0,0,0,0,0
intergenic,T->C,noncoding,387698,0,0,0,0,0,0,0,0,0,0,0,0,0,0,0,0,0,0,0,0,0,0,0,0,0,0,0,0,0,0,0,0,0,0,0,0,0,0,0,0,0.0909,0.3333,0,0.1754,0.1765,0,0.1176,0.1818,0.2143,0.12,0,0.4286,0.1739,0.4,0.2857,0.05,0.0455,0,0,0,0,0,0,0,0,0,0,0,0,0,0.0417,0,0,0,0,0,0,0,0,0,0,0,0,0,0,0,0,0,0,0,0,0,0,0,0,0,0,0,0,0,0,0,0,0,0,0,0,0,0,0,0,0,0,0,0,0,0,0,0,0
clpX,A->T,missense,428660,0,0,0,0,0,0,0,0,0,0,0,0,0,0,0,0,0,0,0,0,0,0,0,0,0,0,0,0,0,0,0,0,0,0,0,0,0,0,0,0,0,0,0,0.012,0,0,0,0,0,0,0,0,0,0,0,0,0,0,0,0,0,0,0,0,0,0,0,0,0,0,0,0,0,0,0,0,0,0,0,0,0,0,0,0,0,0,0,0,0,0,0,0,0,0,0,0,0,0,0,0,0,0,0,0,0,0,0,0,0,0,0,0.0339,0.0118,0.045,0.0357,0.0816,0,0.0807,0.2667,0.3375
lon,C->T,noncoding,430855,0,0,0,0,0,0,0,0,0,0,0,0,0,0,0,0,0,0,0,0,0,0,0,0,0,0,0,0,0,0,0,0,0,0,0,0,0,0,0,0,0,0,0,0,0,0,0,0,0,0,0,0,0,0,0,0,0,0,0,0,0,0,0,0,0,0,0,0,0,0,0,0,0,0,0,0,0,0,0,0,0,0,0,0,0,0,0,0,0,0,0,0,0,0,0,0,0,0,0,0,0,0,0,0,0,0,0,0,0,0.0252,0.1304,0.0989,0.2684,0.4943,0.4688,0.3093,0.4912,0.41,0.4615,0.4581
lon,C->T,noncoding,430917,0,0,0,0,0,0,0,0,0,0,0,0.0213,0,0,0,0,0,0,0,0,0,0,0,0,0,0,0,0.0517,0.3191,0.5088,0.619,0.7708,0.9333,0.9667,1,1,1,1,1,1,1,1,1,1,1,1,1,1,1,1,1,1,1,1,1,1,1,1,1,1,1,1,1,1,1,1,1,1,1,1,1,1,1,1,1,1,1,1,1,1,1,1,0.9828,1,1,1,1,1,1,1,1,1,1,1,1,1,1,1,1,0.9853,1,1,1,0.9796,1,1,1,1,1,1,1,1,1,0.9948,1,1,1,0.9943,1,1
ybaL,A->C,nonsense,474965,0,0,0,0,0,0,0,0.2778,0.377,0.0938,0.3103,0.9655,0.9412,1,1,1,1,0.973,0.95,1,1,1,1,1,1,1,1,1,1,1,1,1,1,1,1,1,1,1,1,1,1,1,1,1,1,1,1,1,1,1,1,1,1,1,1,1,1,1,1,1,1,1,1,1,1,1,1,1,1,1,1,1,1,1,1,1,1,1,1,1,0.9565,1,1,1,1,1,1,1,1,1,1,1,1,1,1,1,1,1,1,1,1,1,1,1,1,1,1,1,1,1,1,1,1,1,1,1,1,1,1,1
hyi,C->T,synonymous,508508,0,0,0,0,0,0,0,0,0,0,0,0,0,0,0,0,0,0,0,0,0,0,0,0,0,0,0,0,0,0,0,0,0,0,0,0,0,0,0,0.04,0,0,0,0,0,0,0,0,0,0,0,0,0,0,0,0,0,0,0,0,0,0,0,0,0.1,0,0.2,0.0896,0.0882,0,0,0,0,0,0,0,0,0,0,0,0,0,0,0,0,0,0,0,0,0,0,0,0,0,0,0,0,0,0,0,0,0,0,0,0,0,0,0,0,0,0,0,0,0,0,0,0,0,0,0.0125
rus,MOB_545561_545564_IS3_1,sv,545561,0,0,0,0,0,0,0,0,0,0,0,0,0,0,0,0,0,0,0,0,0,0,0,0,0,0,0,0,0,0,0,0,0,0,0,0,0,0,0,0,0,0,0,0,0,0,0,0,0,0,0,0,0,0,0.0627,0.0236,0.1747,0.1859,0.1115,0.0283,0,0,0,0,0,0,0,0,0,0,0,0,0,0,0,0,0,0,0,0,0,0,0,0,0,0,0,0,0,0,0,0,0,0,0,0,0,0,0,0,0,0,0,0,0,0,0,0,0,0,0,0,0,0,0,0,0,0,0,0
ybcQ,junction_545968_-1_IS1_end,sv,545968,0,0,0,0,0,0,0,0,0,0,0,0,0,0,0,0,0,0,0,0,0,0,0,0,0,0,0,0,0,0,0,0,0,0,0,0,0,0,0,0,0,0,0,0,0,0,0,0,0,0,0,0,0,0,0,0,0,0,0,0,0,0,0,0,0,0,0,0,0,0,0,0,0,0,0,0,0,0,0,0,0,0,0,0,0,0,0,0,0,0,0,0,0,0,0,0,0,0,0,0,0,0,0,0,0.069,0.16,0.0811,0.0541,0.0588,0.0104,0,0,0,0.0108,0,0,0,0,0,0
ybdN,C->T,missense,618738,0,0,0,0,0,0,0,0,0,0,0,0.0303,0,0,0,0,0,0,0,0,0,0,0,0,0,0,0,0,0,0,0,0,0,0,0,0,0,0,0,0,0,0,0,0,0,0.0417,0,0,0,0,0,0,0,0,0,0,0.0455,0,0,0,0,0,0,0,0,0,0,0,0,0,0,0,0,0,0,0,0,0,0,0,0,0,0,0,0,0,0,0,0,0,0,0,0,0,0,0,0,0,0,0,0,0,0,0,0,0,0,0,0,0,0,0,0.0075,0,0,0.0233,0.0233,0.0909,0.1633,0.0779
nagC,T->G,missense,683455,0,0,0,0,0,0,0,0,0,0,0,0,0,0,0,0,0,0,0,0,0,0,0,0,0,0,0,0,0,0,0,0,0,0,0,0,0,0,0,0,0,0,0,0,0,0,0,0,0,0,0,0,0,0,0,0,0,0,0,0,0,0,0,0,0,0,0,0,0,0,0,0,0,0,0,0,0,0,0,0,0,0,0,0,0,0,0,0,0,0,0,0,0,0,0,0,0,0,0,0,0,0,0,0,0,0,0,0,0,0,0,0,0,0,0,0,0,0.0118,0.0455,0.1364
sucB,G->A,missense,743469,0,0,0,0,0,0,0,0,0.007,0,0,0.0303,0,0,0,0,0,0,0,0,0,0,0,0,0,0,0,0,0,0,0,0,0,0,0.0417,0,0,0,0,0,0,0,0,0,0,0,0,0,0,0,0,0,0,0,0,0,0,0,0,0,0,0,0,0,0,0,0,0,0,0,0,0,0,0,0,0,0,0,0,0,0,0,0,0,0,0,0,0.1176,0.0476,0.0909,0.2222,1,1,1,0.9792,1,1,0.9767,1,1,1,1,1,1,1,1,1,1,1,1,1,0.9895,1,1,1,1,1,0.994,1,0.9913
intergenic,MOB_795320_795325_IS186_1,sv,795320,0,0,0,0,0,0,0,0,0.0065,0.0133,0,0,0,0,0,0,0,0,0,0,0,0,0,0.0233,0,0,0,0.0484,0.0806,0.0789,0.2143,0.0465,0.0526,0.0561,0.0417,0,0,0,0,0,0,0,0,0,0,0,0,0,0,0,0,0,0,0,0,0,0,0,0,0,0,0,0,0,0,0,0,0,0,0,0,0,0,0,0,0,0,0,0,0,0,0,0.02,0,0,0,0,0.0263,0,0,0,0,0,0,0,0,0,0,0,0,0,0.0085,0,0,0,0,0,0,0,0.006,0,0,0.0069,0,0,0.0164,0,0.035,0.0357,0.0417
ybhS,junction_819818_1_IS1_end,sv,819818,0.0065,0,0,0,0,0,0,0,0,0,0,0,0,0,0,0,0,0,0,0,0,0,0,0,0,0,0,0,0,0,0,0,0,0,0,0,0,0,0,0,0,0,0,0,0,0,0,0,0,0,0,0,0,0,0,0,0,0,0,0,0,0,0,0,0,0,0,0,0,0,0,0,0.1071,0.0968,0.1333,0.0476,0,0,0,0,0,0,0,0,0,0,0,0,0,0,0,0,0,0,0,0,0,0,0,0,0,0,0,0,0,0,0,0,0,0,0,0,0,0,0,0,0,0,0,0
cmr,T->G,missense,876979,0,0,0,0,0,0,0,0,0.0122,0,0,0,0,0,0,0,0,0,0,0,0,0,0,0,0,0,0,0,0,0,0,0,0,0,0,0,0,0,0,0,0,0,0,0,0,0,0,0,0,0,0,0,0,0,0,0,0,0,0,0,0,0,0,0.0667,0.12,0.1111,0.125,0.3514,0.3704,0.619,0.9091,0.35,0.0488,0.1333,0.1818,0,0.0435,0,0.0435,0,0.0455,0,0.0435,0.1,0,0,0,0,0,0,0,0,0,0,0,0,0,0,0,0,0,0,0,0,0,0,0,0,0,0,0,0,0,0,0,0,0,0,0,0
artM,C->A,synonymous,917630,0,0,0,0,0,0.0312,0,0,0,0,0,0,0,0,0,0,0,0,0,0,0,0,0,0,0,0,0,0,0,0,0,0,0,0,0,0,0,0,0,0,0,0,0,0,0,0,0,0,0,0,0,0,0,0,0,0,0,0,0,0,0,0,0,0,0,0,0,0,0,0,0,0.0536,0.0909,0.1,0,0.2105,0,0,0,0,0,0,0,0,0,0,0,0,0,0,0,0,0,0,0,0,0,0,0,0,0,0,0,0,0,0,0,0,0,0,0,0,0,0,0,0,0,0,0,0
hcp,A->G,noncoding,930552,0,0,0,0,0,0,0,0,0,0,0,0,0,0,0,0,0,0,0,0,0,0,0,0,0,0,0,0,0,0,0,0,0,0,0,0,0,0,0,0,0,0,0,0,0,0,0,0,0,0,0,0,0,0,0,0,0,0,0,0,0,0,0,0,0,0,0,0,0,0,0,0,0,0,0,0,0,0,0,0,0.1818,0.7692,0.5,0.7778,0.8571,0.8824,0.9167,1,0.7879,1,1,1,1,1,1,1,1,1,1,0.9767,1,1,1,1,1,1,1,1,1,1,1,1,1,1,1,1,1,0.9931,1,1
ybjD,G->A,missense,934361,0,0,0,0,0,0,0,0,0,0,0,0,0,0,0,0,0,0,0,0,0,0,0,0,0,0,0,0,0,0,0,0,0,0,0,0,0,0,0,0,0,0,0,0,0,0,0,0,0,0,0,0,0,0,0,0,0,0,0,0,0,0,0,0,0,0.1,0,0,0,0,0,0,0,0,0,0,0,0,0.0769,0.0308,0.44,0.9412,0.8846,0.9091,0.9138,0.96,1,0.7273,0.8148,0.8182,1,1,1,0.9444,1,1,1,1,1,1,1,1,1,1,1,1,1,1,1,1,1,1,1,1,1,0.9792,1,1,1,1
ybjX,indel;A;-1;T,indel,935051,0,0,0,0,0,0,0,0,0,0,0,0,0,0,0,0,0,0,0,0,0,0,0,0.04,0,0,0,0,0,0,0,0,0,0,0,0,0,0,0,0,0,0,0,0,0,0,0,0,0,0,0,0,0,0,0,0,0,0,0,0.027,0,0,0,0,0,0,0,0,0,0,0,0,0,0,0,0,0,0,0,0,0,0,0,0,0,0,0,0,0,0,0,0,0,0,0,0,0,0,0,0,0,0,0,0,0,0,0.1364,0,0,0.0172,0.1111,0.0909,0.0159,0.0385,0.1667,0.0238,0.037,0.1981,0.2895,0.4333
lrp,T->G,missense,949821,0,0,0,0,0,0,0,0,0,0,0,0,0,0,0,0,0,0,0,0,0,0,0,0.566,1,1,1,1,1,1,1,1,1,1,1,1,1,1,1,1,1,1,1,1,1,1,1,1,1,1,1,1,1,1,1,1,1,1,1,1,1,1,1,1,1,1,1,1,1,1,1,1,1,1,1,1,1,1,1,1,0.9722,1,1,1,1,1,1,1,1,1,1,1,1,1,1,1,1,1,1,1,1,1,1,1,1,1,1,1,1,1,1,1,1,1,1,1,1,1,1,0.9913
rpsA,T->G,missense,979486,0,0,0,0,0,0.5769,0.8571,1,1,1,1,1,1,1,1,1,0.8571,1,1,1,1,1,1,1,1,1,1,1,1,1,1,1,1,1,1,1,1,1,1,1,1,1,1,1,1,1,1,1,1,1,1,1,1,1,1,1,1,1,1,0.9677,1,1,1,1,1,1,1,1,1,1,1,1,1,1,1,1,1,1,1,1,1,1,1,1,1,1,1,1,1,1,1,1,1,1,1,1,1,1,1,1,1,1,1,1,1,0.9565,1,1,1,1,1,1,1,1,1,1,1,1,1,1
ycbB,MOB_998325_998330_IS186_-1,sv,998325,0,0,0,0,0,0,0,0,0,0,0,0,0,0.027,0,0,0,0,0,0,0,0,0,0,0,0,0,0,0,0,0,0,0,0,0,0,0,0,0,0,0,0,0,0.0465,0.3125,0.8636,0.8611,0.8444,0.697,0.8,0.8333,0.6667,0.9273,1,0.9394,0.9367,1,1,0.9846,1,1,1,1,0.9722,1,1,0.9268,0.9778,0.95,1,0.9796,0.9853,0.9906,1,1,0.9792,0.9868,1,1,0.9939,1,0.973,1,1,0.9796,0.9821,1,1,1,1,0.96,0.9892,1,0.9821,1,1,1,0.9783,0.9906,1,1,0.9907,1,0.9804,1,1,0.9836,1,0.9583,0.9851,1,1,0.9849,0.9854,1,0.9891,0.9661,1,1,0.9867
appC,indel;+11;+5;+ACCTGC,indel,1055618,0.0236,0,0,0,0.125,0.775,0.8462,0.8333,0.9896,1,1,1,0.95,1,1,1,1,1,1,1,1,1,1,1,1,1,1,1,1,1,1,1,1,1,1,1,1,1,1,1,1,1,1,1,1,1,1,1,1,1,1,1,1,1,1,1,1,1,1,1,1,1,1,1,1,1,1,1,1,1,1,1,1,1,1,1,1,1,1,1,1,1,0.9762,1,1,1,1,1,1,1,1,1,1,1,1,1,1,1,1,1,1,1,1,1,1,1,1,1,1,1,1,1,1,0.9929,1,1,0.9737,1,1,1
yccM,G->A,noncoding,1069686,0,0,0,0,0,0,0,0,0,0,0,0,0,0,0,0,0,0,0,0,0,0,0,0,0,0,0,0,0,0,0,0,0,0,0,0,0,0,0,0,0,0,0,0,0,0,0,0,0,0,0,0,0,0,0,0.027,0.1538,0.3125,0.5,0.6429,0.8235,0.575,0.4444,0.3333,0.4737,0.7143,0.3125,0.2464,0.1667,0.2941,0.0417,0.2609,0.1277,0.1081,0,0.0909,0,0,0,0,0,0,0,0,0,0,0,0,0,0,0,0,0,0,0,0,0,0,0,0,0,0,0,0,0,0,0,0,0,0,0,0,0,0,0,0,0,0,0.0185,0
torA,indel;+7;+GATTGCCG,indel,1075802,0.0135,0,0,0,0,0,0,0,0.0131,0.0317,0,0.0303,0,0.0714,0.1,0,0,0.0244,0,0,0.0163,0,0.0345,0,0.0769,0,0.0465,0,0.0571,0,0.0656,0,0,0,0,0,0,0,0,0,0,0,0,0,0.0714,0,0.0816,0,0,0,0,0,0,0.1,0,0.0588,0,0,0,0.0351,0.0588,0.0385,0,0,0.0513,0.1,0,0.0345,0,0.0606,0.0597,0.6557,0.8286,0.7451,0.9412,0.9091,0.9697,1,1,1,0.9286,0.9444,0.96,1,1,1,1,0.9444,1,1,0.9375,1,0.9412,1,1,1,1,1,1,1,1,1,1,1,1,1,1,1,1,0.9815,1,1,1,1,1,0.98,1,1,1,1
putA,T->G,missense,1091379,0,0,0,0,0,0,0,0,0,0,0,0,0,0,0,0,0,0,0,0,0,0,0,0,0,0,0,0,0,0,0,0,0,0,0,0,0,0,0,0,0,0,0,0.0952,0.2333,0.0833,0.1333,0.2105,0.4035,0.1481,0.3571,0.1818,0.2581,0.1,0.1,0.0263,0,0,0,0,0,0,0,0,0,0,0,0,0,0,0,0,0,0,0,0,0,0,0,0,0.0385,0.0714,0,0,0.1875,0.1154,0,0,0.1923,0.2222,0.0526,0,0,0,0,0,0,0,0,0,0,0,0,0,0,0,0,0,0,0,0,0,0,0,0,0,0,0,0,0
intergenic,MOB_1118123_1118130_IS1_1,sv,1118123,0,0,0,0,0,0,0,0,0,0,0,0,0,0,0,0,0,0,0,0,0,0,0.0625,0,0,0,0,0,0,0,0,0,0,0,0,0,0,0,0,0,0.4,0.2069,0.05,0.4519,0.4762,0.1429,0.1818,0.2143,0.3636,0.3438,0.5,0.2,0.2667,0.375,0.1818,0.0882,0,0,0,0,0,0,0,0,0,0,0,0,0,0,0,0,0,0,0,0,0,0,0,0,0,0,0,0,0,0,0,0,0,0,0,0,0,0,0,0,0,0,0,0,0,0,0,0,0,0,0,0,0,0,0,0,0,0,0,0,0,0,0,0
flgB,indel;C;-1,indel,1145690,0,0,0,0,0.125,0.5217,0.8333,1,1,1,1,1,1,1,1,1,1,0.9655,1,1,1,1,1,1,1,1,1,1,1,1,1,1,1,1,1,1,1,1,1,1,1,1,1,1,1,1,1,1,1,1,1,1,1,1,1,1,1,1,1,1,1,1,1,1,1,1,1,1,1,1,1,1,1,1,1,1,1,1,1,1,1,1,1,1,1,1,1,1,1,1,1,1,1,1,1,1,1,1,1,1,1,1,1,1,1,1,1,1,1,1,1,1,1,1,1,1,1,1,1,1
yceD,A->C,missense,1161441,0,0,0,0,0,0,0,0,0,0,0,0,0,0,0,0,0,0,0,0,0,0,0,0,0,0,0,0,0,0,0,0,0,0,0,0,0,0,0,0,0,0,0,0,0,0,0,0,0,0,0,0,0,0,0,0,0,0,0,0,0,0,0,0,0,0,0,0,0,0,0,0,0,0,0,0,0,0,0,0,0,0,0,0,0.0476,0.1429,0.2857,0,0.129,0.04,0,0,0,0,0,0,0,0,0,0,0,0,0,0,0,0,0,0,0,0,0,0,0,0,0,0,0,0,0,0
ymfB,C->T,missense,1209333,0,0,0,0,0,0,0,0,0,0,0,0,0,0,0,0,0,0,0,0,0,0,0,0,0,0,0,0,0,0,0,0,0,0,0,0,0,0,0,0,0,0,0,0,0,0,0.05,0,0,0,0,0,0,0,0,0,0,0,0,0,0,0,0,0,0,0,0,0,0,0.0333,0.5909,0.2,0.0588,0.0417,0.1176,0.0455,0.0667,0,0.1429,0,0.0455,0,0,0,0,0,0.1333,0.1,0,0,0,0,0,0,0,0,0,0,0,0,0,0,0,0,0,0,0,0,0,0,0,0,0,0,0,0,0,0,0,0
chaC,A->C,noncoding,1272573,0,0,0,0,0,0,0,0,0,0,0,0,0,0,0,0,0,0,0,0,0,0,0,0,0,0,0,0,0,0,0,0,0,0,0,0,0,0,0,0,0,0,0,0,0,0,0,0,0,0,0.0526,0.2,0.28,0.1429,0.1111,0.05,0.2353,0.2381,0.04,0.0513,0,0,0,0,0,0,0,0,0,0,0,0,0,0,0,0,0,0,0,0,0,0,0,0,0,0,0,0,0,0,0,0,0,0,0,0,0,0,0,0,0,0,0,0,0,0,0,0,0,0,0,0,0,0,0,0,0,0,0,0
ychK,junction_1289379_1_IS1_start,sv,1289379,0,0,0,0,0,0,0,0,0,0,0,0,0,0,0,0,0,0,0,0,0,0,0,0,0,0,0,0,0,0,0,0,0,0,0,0.0578,0,0,0,0.1722,0,0.2211,0.2346,0,0,0,0,0,0,0,0,0,0,0,0,0,0,0,0,0,0,0,0,0,0,0,0,0,0,0,0,0,0,0,0,0,0,0,0,0,0,0,0,0,0,0,0,0,0,0,0,0,0,0,0,0,0,0,0,0,0,0,0,0,0,0,0,0,0,0,0,0,0,0,0,0,0,0,0,0
sohB,T->G,missense,1328169,0,0,0,0,0,0,0,0,0,0,0,0,0,0,0,0,0,0,0,0,0,0,0,0,0,0,0,0,0,0,0,0,0,0,0,0,0,0,0,0,0,0,0,0,0,0,0,0,0,0,0,0,0,0,0,0,0,0,0,0,0,0,0,0,0,0,0,0,0,0,0,0,0,0,0,0,0,0,0,0,0,0,0,0,0,0.1875,0.2,0.2857,0.15,0,0,0,0,0,0.0244,0,0,0,0,0,0,0,0,0,0,0,0,0,0,0,0,0,0,0,0,0,0,0,0,0
yciM,indel;-11,indel,1340070,0,0,0,0,0,0,0,0,0,0,0,0,0,0,0,0,0,0,0,0,0,0,0,0,0,0,0,0,0,0,0,0,0,0,0,0,0,0,0,0,0,0,0,0,0,0,0,0,0,0,0,0,0,0,0,0,0,0,0,0,0,0,0,0,0,0,0,0,0,0,0,0,0,0,0,0,0,0,0,0,0,0,0,0,0,0,0,0,0,0,0,0,0,0,0,0,0,0,0,0,0,0,0,0,0,0,0,0,0,0,0,0,0,0,0,0,0,0.0145,0.0972,0.1769
rnb,indel;+8;+ATATCGACA,indel,1345569,0.0567,0.1143,0.0714,0,0,0.1091,0,0.0625,0.0426,0.122,0.1569,0.1132,0.16,0.046,0.1667,0,0,0.0526,0.1176,0.0909,0.1408,0.0952,0,0.0667,0.0299,0.0588,0.0333,0.1562,0.3265,0.5455,0.8364,0.8077,0.963,1,0.9412,0.9804,1,1,0.9882,1,1,0.9804,1,0.9938,0.9804,1,1,1,1,1,1,1,1,1,1,0.962,1,1,1,0.9873,1,1,1,1,1,1,1,1,1,1,1,1,1,0.9818,1,0.9524,1,1,0.9697,0.9925,1,1,0.9804,1,1,1,1,0.9787,1,1,1,0.9815,0.973,0.9796,1,1,0.9565,1,0.9905,1,1,1,0.9804,1,1,0.8889,0.9855,1,1,1,1,0.9735,1,0.9901,1,0.9811,0.9877,1,0.9928,0.9942
mppA,MOB_1391825_1391831_IS186_1,sv,1391825,0.0044,0,0,0,0,0,0,0.1176,0.4274,0.8667,0.7955,0.1,0,0,0.0323,0,0,0,0,0,0,0,0,0,0,0,0,0,0.0189,0,0,0,0,0,0,0,0,0.0645,0,0.0625,0,0,0,0.1083,0.2857,0,0,0,0,0,0,0,0,0,0,0,0.04,0,0.0526,0,0,0,0,0,0,0,0,0,0,0,0,0,0,0,0,0,0,0,0,0,0,0,0,0.0455,0,0,0,0,0,0,0,0,0,0,0,0,0,0,0.0235,0.0286,0,0,0,0,0.0455,0,0,0,0,0,0,0,0.0039,0,0,0,0,0.0052,0,0
ompN,G->A,missense,1427646,0,0,0,0,0,0,0,0,0,0,0,0,0,0,0,0,0,0,0,0,0,0,0,0,0,0,0,0,0,0,0,0,0,0,0,0,0,0,0,0,0,0,0,0,0,0,0,0,0,0,0,0,0,0,0,0,0,0,0,0,0,0,0,0,0.0455,0.1429,0,0.0208,0.1111,0.1579,0.0417,0,0,0,0,0,0,0,0,0,0,0,0,0,0,0,0,0,0,0,0,0,0,0,0,0,0,0,0,0,0,0,0,0,0,0,0,0,0,0,0,0,0,0,0,0,0,0,0,0
hokB,MOB_1462251_1462253_IS150_1,sv,1462251,0,0,0,0,0,0.0702,0,0,0.0099,0,0,0,0,0.0122,0.0392,0,0,0.0169,0.0312,0.0208,0,0,0.0149,0.0159,0.0652,0,0.0128,0.029,0,0,0,0,0,0,0,0,0.0606,0,0.0274,0.0385,0,0,0.0244,0.0397,0.0133,0,0,0,0,0.0357,0,0,0,0,0,0,0,0.037,0.0182,0.025,0.0093,0.0769,0.0769,0,0,0,0,0.0143,0.0333,0,0,0,0,0,0,0.0811,0.0161,0,0,0.0268,0,0,0,0.0455,0,0,0.0571,0.1429,0.0698,0.0333,0.0588,0,0.027,0,0.037,0.3235,0.46,0.5152,0.8857,0.9118,0.9118,1,1,1,1,1,1,1,1,1,1,1,1,1,1,1,1,1,1,1
ECB_01540,indel;A;+A;G;T+A;+AA;-1,indel,1624007,0,0.0417,0,0,0,0,0,0,0,0,0,0,0,0,0,0,0,0,0,0,0,0,0,0,0,0,0,0,0,0,0,0,0,0,0,0,0,0,0,0,0,0,0,0,0,0,0,0,0.0222,0,0.0833,0,0,0,0,0,0,0,0,0,0,0,0,0,0,0,0,0,0,0,0,0,0,0,0,0.1429,0.8182,0.95,0.8571,0.8889,0.9583,0.9545,0.88,1,0.8837,0.9524,0.9167,1,0.963,1,1,0.9286,1,0.8276,0.9524,0.8824,0.9583,0.9167,0.9592,0.9434,0.8636,0.96,1,0.9643,1,0.95,0.9714,0.9423,1,0.9254,0.9231,0.8679,0.9578,0.9231,0.963,0.9565,0.9643,0.9456,0.9474,0.9481
intergenic,MOB_1629261_1629269_IS1_1,sv,1629261,0,0,0,0,0,0,0,0,0,0,0,0,0,0,0,0,0,0,0,0,0,0,0,0,0,0,0,0,0,0,0,0,0,0,0,0,0,0,0,0,0,0,0,0,0,0,0,0,0,0,0,0,0,0,0,0,0,0,0,0,0,0,0,0,0,0,0,0,0,0,0,0,0,0,0,0,0,0,0,0,0,0,0,0,0,0,0,0,0,0,0,0,0,0.0394,0,0,0.027,0.053,0.0308,0,0,0,0,0.0283,0.1338,0.1949,0.3578,0.411,0.7676,0.7708,1,0.8397,0.9543,0.9687,0.9105,0.9591,0.9856,0.9654,0.9571,0.9941
speG,indel;-6,indel,1633387,0,0,0,0,0,0,0,0,0,0,0,0,0,0.7368,0.963,1,1,1,1,1,1,1,1,1,1,1,1,1,1,0.9818,1,1,1,1,1,1,1,1,1,1,1,1,1,1,1,1,1,1,1,1,1,1,1,1,1,1,1,1,1,1,1,1,1,1,1,1,1,1,1,1,1,1,1,1,1,1,1,1,1,1,1,1,1,1,1,1,1,1,1,1,1,1,1,1,1,1,1,1,1,1,1,1,1,1,1,0.9737,1,1,1,0.9903,1,0.9881,0.9953,1,1,0.9881,1,1,1,0.9833
pykF,G->C,missense,1734106,0,0.7778,1,1,1,1,1,1,1,1,1,1,1,1,1,1,1,1,1,1,1,1,1,1,1,1,1,1,1,1,1,1,1,1,1,1,1,1,1,1,1,1,1,1,1,1,1,1,1,1,1,1,1,1,1,1,1,1,1,1,1,1,1,1,1,1,1,1,1,1,1,1,1,1,1,1,1,1,1,1,1,1,1,1,1,1,1,1,1,1,1,1,1,1,1,1,1,1,1,1,1,1,1,1,1,1,1,1,1,1,1,1,1,1,1,1,1,1,1,1
pykF,G->A,missense,1734207,0,0,0,0,0,0,0,0.4706,0.233,0.1136,0.0769,0,0,0,0,0,0,0,0,0,0,0,0,0,0,0,0,0,0,0,0,0,0,0,0,0,0,0,0.0233,0,0,0,0,0,0,0,0,0,0,0,0,0,0,0,0,0,0,0,0,0,0,0,0,0,0,0,0,0,0,0,0.0233,0,0,0,0,0,0,0,0,0,0,0,0,0,0,0,0,0,0,0,0,0,0,0,0,0,0,0,0,0,0,0,0,0,0,0,0,0,0,0,0,0.011,0,0,0.0488,0,0,0,0,0
ydiQ,C->T,noncoding,1756846,0,0,0,0,0,0,0,0,0,0,0,0,0,0,0.0345,0,0,0,0,0,0,0,0,0,0,0,0,0,0,0,0,0,0,0,0,0,0,0,0,0,0,0,0,0.0256,0.4444,0.5238,0.9167,0.7727,0.6829,0.7143,0.4167,0.7778,0.8438,0.6667,1,0.9211,1,1,1,1,1,1,1,1,1,1,1,1,1,1,1,1,1,1,1,1,1,1,1,1,1,1,1,1,1,1,1,1,1,1,1,1,1,1,1,1,1,1,1,0.973,1,1,1,1,1,1,0.9677,1,1,1,1,1,1,1,1,1,1,1,1,0.9894
intergenic,MOB_1776434_1776437_IS150_1,sv,1776434,0,0,0,0,0,0,0,0,0,0,0,0,0,0,0,0,0,0,0,0,0,0,0,0,0,0,0,0,0,0,0,0,0,0,0,0,0,0,0,0,0,0,0,0,0,0,0,0,0,0,0,0,0,0,0,0,0,0,0,0,0,0,0,0,0,0,0,0,0,0.0214,0,0.188,0.0936,0.2199,0.2308,0,0,0,0,0,0,0,0,0,0.0231,0,0,0,0,0,0,0.0157,0,0,0.0575,0.0295,0.028,0,0,0,0,0,0,0,0.0304,0,0,0,0,0,0,0,0,0,0,0,0,0,0,0
yniA,G->A,missense,1785238,0,0,0,0,0,0,0,0,0,0,0,0,0,0,0,0,0,0,0,0,0,0,0,0,0,0,0,0,0,0,0,0,0,0,0,0,0,0,0,0,0,0,0,0,0.0435,0,0,0,0,0,0,0,0,0,0,0,0,0,0,0,0,0,0,0,0,0,0,0,0,0,0,0.1351,0.0857,0.069,0,0.069,0,0,0,0,0,0,0,0,0,0,0,0,0,0,0,0,0,0,0,0,0,0,0,0,0,0,0,0,0,0,0,0,0,0,0,0,0,0,0,0,0,0,0,0
ydjM,A->G,noncoding,1787448,0,0,0,0,0,0,0,0,0,0,0,0,0,0,0,0,0,0,0,0,0,0,0,0,0,0,0,0,0,0,0,0,0,0,0,0,0,0,0,0,0,0,0,0,0,0,0,0,0,0,0,0,0,0,0,0,0,0,0,0,0,0,0,0,0,0,0,0,0,0,0,0,0,0,0,0,0,0,0,0,0,0,0,0,0,0,0,0,0,0,0,0,0,0,0,0,0,0,0,0,0,0,0,0,0,0,0,0,0,0,0.0476,0,0,0,0,0.043,0.0556,0.1225,0.3243,0.3101
ydjN,C->T,nonsense,1788274,0,0,0,0,0,0,0,0,0,0,0,0,0,0,0,0,0,0,0,0,0,0,0,0,0,0,0,0,0,0,0,0,0,0,0,0,0,0,0,0,0,0,0,0,0,0,0,0,0,0,0,0,0,0,0,0,0,0,0,0,0.0317,0,0,0,0.0455,0,0.1071,0.10780000000000001,0.14,0,0,0,0,0,0,0,0,0,0,0,0,0,0,0,0,0,0,0,0,0,0,0,0,0,0,0,0,0,0,0,0,0,0,0,0,0,0,0,0,0,0,0,0,0,0,0,0,0,0,0.0135
astC,A->C,synonymous,1808045,0,0,0,0,0,0,0,0,0,0,0,0,0,0,0,0,0,0,0,0,0,0,0,0,0,0,0,0,0,0,0,0,0,0,0,0,0,0,0,0,0,0,0,0,0,0,0,0,0,0,0,0,0,0,0,0,0,0,0,0,0,0.0323,0,0.125,0.1176,0.125,0.2857,0.5,0.4375,0.8077,0.92,0.1538,0.025,0.24,0.1667,0.08,0,0.1053,0,0,0.0435,0,0,0,0,0,0,0,0,0.1,0,0,0.0625,0,0,0,0,0,0,0,0,0,0,0,0,0,0,0,0,0,0,0,0,0,0,0,0,0,0,0
sdaA,MOB_1875544_1875549_IS186_1,sv,1875544,0,0,0,0,0,0,0,0,0.0041,0.0104,0.0133,0,0,0,0,0,0,0,0.0357,0,0,0,0,0.0087,0,0,0,0.0275,0,0,0,0,0,0,0,0,0,0,0,0,0,0,0,0,0,0,0,0,0,0,0,0.0385,0,0,0,0,0,0,0,0,0,0,0,0.0357,0,0,0,0,0,0,0,0,0,0,0,0,0,0,0,0,0,0,0,0.0714,0,0,0.0385,0.2174,0,0,0,0,0,0,0,0,0,0,0,0,0,0.021,0,0,0,0,0,0,0,0,0,0,0,0,0,0,0,0.0022,0,0
eda,A->C,missense,1910725,0,0,0,0,0,0,0,0,0,0,0,0,0,0,0,0,0,0,0,0,0,0,0,0,0,0,0,0,0,0,0,0,0,0,0,0,0,0,0,0,0,0,0,0,0,0,0,0,0,0,0,0,0,0,0,0,0,0,0,0,0,0,0,0,0,0,0,0,0,0,0,0,0,0,0,0,0,0,0,0,0,0,0,0,0,0,0,0,0,0,0,0,0,0,0,0,0,0,0.0182,0,0,0,0,0,0,0,0,0,0,0,0,0,0,0,0,0.0299,0,0.0813,0.2041,0.3867
yebK,MOB_1916072_1916080_IS1_1,sv,1916072,0,0,0,0,0,0,0,0,0,0,0,0,0,0,0,0,0,0,0,0,0,0,0,0,0,0,0,0,0,0,0,0,0,0,0,0,0,0,0,0,0,0,0,0,0,0,0,0,0,0,0,0,0,0,0,0,0,0,0,0,0,0,0,0,0,0,0,0,0,0,0,0,0,0,0,0,0,0,0,0,0,0,0,0,0,0,0,0,0,0,0,0,0,0,0,0,0,0,0,0,0,0,0,0,0,0,0,0,0,0,0,0.0106,0.0447,0.0882,0.3571,0.1579,0.3692,0.2551,0.1235,0.1069
pykA,MOB_1916776_1916784_IS1_-1,sv,1916776,0,0,0,0,0,0,0,0,0,0,0,0,0,0,0,0,0,0,0,0,0,0,0,0,0,0,0,0,0,0,0,0,0,0,0,0,0,0,0,0,0,0,0,0,0,0,0,0,0,0,0,0,0,0,0,0,0,0,0.1951,0.1395,0.0496,0.0233,0.0909,0.2188,0.102,0.1429,0.25,0.5326,0.5714,0.7818,0.8723,0.2258,0.093,0.1714,0.1569,0.1273,0.0267,0,0.0789,0.009,0.0612,0.0571,0.1,0,0,0,0,0.0556,0,0,0,0.0247,0,0,0,0,0,0,0,0,0,0,0,0,0,0,0,0,0,0,0,0,0,0,0,0,0,0,0,0
yebA,T->G,missense,1919470,0,0,0,0,0,0,0,0,0,0,0,0,0,0,0,0,0,0,0,0,0,0,0,0,0,0,0,0,0,0,0,0,0,0,0,0,0,0,0,0,0,0,0,0,0,0,0,0.0571,0.1556,0.2143,0,0,0,0,0,0,0,0,0,0,0,0,0,0,0,0,0,0,0,0,0,0,0,0,0,0,0,0,0,0,0,0,0,0,0,0,0,0,0,0,0,0,0,0,0,0,0,0,0,0,0,0,0,0,0,0,0,0,0,0,0,0,0,0,0,0,0,0,0,0
flhC,A->C,missense,1956353,0,0,0,0,0,0,0,0,0,0,0,0,0,0,0,0,0,0,0,0,0,0,0,0,0,0,0,0,0,0,0,0,0,0,0,0,0,0,0,0,0,0,0,0,0,0,0,0,0,0,0,0,0,0,0,0,0,0,0,0,0,0,0,0,0,0,0,0,0,0,0,0,0,0,0,0,0,0,0,0,0,0,0,0,0,0,0,0,0,0,0,0,0,0.0455,0.1667,0.3333,0.2059,0.125,0.0741,0,0,0,0,0,0,0,0,0,0,0,0,0,0,0,0,0,0,0,0,0
yeeF,MOB_2016323_2016326_IS3_1,sv,2016323,0,0,0,0,0,0,0,0,0.0051,0,0,0,0,0,0,0,0,0,0,0,0,0,0,0,0,0,0,0,0,0,0,0,0,0,0,0,0,0,0,0,0,0,0,0,0,0,0,0,0,0,0,0,0,0,0,0,0,0,0,0,0,0,0,0,0,0.0627,0.1822,0.5277,0.4335,0.6503,0.8421,0.1557,0.0724,0.0577,0,0.0837,0.0107,0,0.0655,0,0.1025,0,0.0264,0,0,0,0,0,0,0,0,0,0,0,0,0,0,0,0,0,0,0,0,0,0,0,0,0,0,0,0,0,0,0,0,0,0,0,0,0
yeeF,C->A,nonsense,2016830,0,0,0,0,0,0.0143,0,0,0,0,0,0,0,0.0256,0,0,0,0,0,0,0,0,0,0,0,0,0,0,0,0,0,0,0,0,0,0,0,0,0,0,0,0,0,0,0,0,0,0,0,0,0,0,0,0,0,0,0,0,0,0,0.0377,0.027,0.4375,0.5238,0.1471,0.1538,0,0.0667,0.2973,0.0417,0.0303,0.5556,0.8125,0.8409,0.9444,0.9091,1,1,1,0.9875,1,0.9474,1,1,1,0.9667,0.9474,1,1,0.8,1,1,1,1,1,1,1,1,1,1,1,1,1,1,1,1,1,1,1,1,1,1,1,1,1,1,1,1,1,1
yeeF,G->T,missense,2017048,0,0,0,0,0,0,0,0,0,0,0,0,0,0,0,0,0,0,0,0,0,0,0,0,0,0,0,0,0,0,0,0,0,0,0,0,0,0,0,0.0435,0,0.2162,0.0455,0.382,0.2333,0.25,0.25,0.1842,0.2885,0.2941,0.5263,0.2222,0.32,0.2308,0.1333,0.0488,0,0,0,0,0,0,0,0,0,0,0,0,0,0,0,0,0,0,0,0,0,0,0,0,0,0,0,0,0,0,0,0,0,0,0,0,0,0,0,0,0,0,0,0,0,0,0,0,0,0,0,0,0,0,0,0,0,0,0,0,0,0,0,0
yeeF,G->A,missense,2017351,0,0,0,0,0,0,0,0,0,0,0,0,0,0,0,0,0,0,0,0,0,0.0357,0,0,0,0,0,0.0213,0,0,0,0,0,0,0,0,0,0,0,0,0,0,0,0,0,0,0,0,0,0,0,0,0,0,0,0.05,0.2667,0.0909,0.1724,0.2703,0.1698,0.1212,0.4444,0.2105,0.2222,0,0.0435,0.1528,0.1379,0.0294,0.0833,0.4194,0.6053,0.7949,0.6667,0.913,0.9574,0.9655,1,0.9851,1,0.8966,1,1,0.9737,0.9545,1,0.9524,0.9655,1,1,0.9792,1,1,0.9744,1,1,1,1,1,1,1,1,1,1,1,1,1,1,1,1,1,1,0.9832,1,1,1,1,1,1
wzy,junction_2037724_-1_IS1_start,sv,2037724,0,0,0,0,0,0,0,0,0,0,0,0,0,0,0,0.6,1,1,1,1,1,1,1,1,1,1,1,1,1,1,1,1,1,1,1,1,1,1,1,1,1,1,1,1,1,1,1,1,1,1,1,1,1,1,1,1,1,1,1,1,1,1,1,1,1,1,1,1,1,1,1,1,1,1,1,1,1,1,1,1,1,1,1,1,1,1,1,1,1,1,1,1,1,1,1,1,1,1,1,1,1,1,1,1,1,1,1,1,1,1,1,1,1,1,1,1,1,1,1,1
alkA,A->T,synonymous,2080661,0,0,0,0,0,0,0,0,0,0,0,0,0,0,0,0,0,0,0,0,0,0,0,0,0,0,0,0,0,0,0,0,0,0,0,0,0,0,0,0,0,0,0,0,0,0,0,0,0,0,0,0,0,0,0,0,0,0,0,0,0,0,0,0,0,0,0,0,0,0,0,0,0,0,0,0,0,0,0,0,0,0,0,0,0,0,0,0,0,0,0,0,0,0,0,0,0,0,0,0,0.0256,0.0161,0.0455,0,0.1667,0,0.2812,0.16,0.1765,0.08,0,0,0,0,0,0,0,0,0,0
intergenic,junction_2100307_-1_2122454_1,sv,2100307,0,0,0,0,0,0,0,0,0.0105,0.0457,0.0332,0,0,0,0,0,0.0279,0,0.0376,0,0,0,0.0174,0.044,0.0948,0.2747,0.1528,0.1509,0.1313,0.1403,0.1233,0.1892,0.1256,0.2372,0.766,0.9556,0.8594,0.9799,0.9664,1,0.7955,0.8725,0.7179,1,1,1,1,1,1,1,1,1,1,1,1,1,1,1,1,1,1,1,1,1,1,1,1,1,1,1,1,1,1,1,1,1,1,1,1,1,1,1,1,1,1,1,1,1,1,1,1,1,1,1,1,1,1,1,1,1,1,1,1,1,1,1,1,1,1,1,1,1,1,1,1,1,1,1,1,1
gatY,T->C,noncoding,2131393,0,0,0,0,0,0,0,0,0,0,0,0,0,0,0,0,0,0,0,0,0,0,0,0,0,0,0,0,0,0,0,0,0,0,0,0,0,0,0,0,0,0,0,0,0,0,0,0,0,0,0,0,0,0,0,0,0,0,0,0,0,0,0,0,0,0,0,0,0,0,0,0,0,0,0,0,0,0,0,0,0,0,0,0,0,0,0,0,0,0,0,0.2727,0.3889,0.3333,0.3158,0.1176,0.2667,0.0556,0.0227,0,0,0,0,0,0,0,0,0,0,0,0,0,0,0,0,0,0,0,0,0
ECB_02039,indel;-7,indel,2142882,0,0,0,0,0,0,0,0,0,0,0,0,0,0,0,0,0,0,0,0,0,0,0,0,0,0,0,0,0,0,0,0,0,0,0,0,0,0,0,0,0,0,0,0,0,0,0,0,0,0,0,0,0,0,0,0,0,0,0,0,0.0164,0.0759,0,0.1026,0.05,0.2424,0.04,0.0686,0,0,0,0.08,0.1429,0.0698,0,0.0541,0,0,0,0,0,0,0,0,0,0,0,0,0,0,0,0,0,0,0,0,0,0,0,0,0,0,0,0,0,0,0,0,0,0,0,0,0,0,0,0,0,0,0,0
fruA,T->G,missense,2211829,0,0,0,0,0,0,0,0,0,0,0,0,0,0,0,0,0,0,0,0,0,0,0,0,0,0,0,0,0,0,0.0345,0,0,0,0,0,0,0,0,0,0,0,0,0,0,0,0,0,0,0,0,0,0,0,0,0,0,0,0,0,0,0,0,0,0,0,0,0,0,0,0,0,0,0,0,0,0,0,0,0,0,0,0,0,0,0,0,0,0,0,0,0,0,0,0,0,0,0,0,0,0,0,0,0,0,0.1,0.2941,0.5789,0.6667,0.6047,1,0.9394,0.9888,1,1,1,1,1,1,1
yejF,T->C,missense,2229015,0,0,0,0,0,0,0,0,0,0,0,0,0,0,0,0,0,0,0,0,0,0,0,0,0,0,0,0,0,0,0,0,0,0,0,0,0,0,0,0,0,0,0,0,0,0,0,0,0,0,0,0,0,0,0,0,0,0,0,0,0,0,0,0,0,0,0,0,0,0,0,0,0,0,0,0,0,0,0,0,0,0,0,0,0,0,0,0,0.1667,0.1111,0.6923,1,1,1,1,1,1,1,1,1,1,1,1,1,1,1,1,1,1,1,1,1,1,1,0.9643,1,1,1,1,1
yejM,G->T,missense,2235834,0,0,0,0,0,0,0,0,0,0,0,0,0,0,0,0,0,0,0,0,0,0,0,0,0,0,0,0,0,0,0,0,0,0,0,0,0,0,0,0,0,0,0,0,0,0,0,0,0,0,0,0,0,0,0,0,0,0,0,0,0,0,0,0,0,0,0,0,0,0,0,0,0,0,0,0,0,0,0,0,0,0,0,0,0,0,0,0,0,0,0,0,0,0,0,0,0,0,0,0,0,0,0,0.0606,0.0625,0.1364,0.2821,0.2581,0,0.0667,0,0,0,0,0,0.0222,0,0,0,0
atoS,T->C,missense,2267353,0,0,0,0,0,0,0,0,0,0,0,0,0,0,0,0,0,0,0,0,0,0,0,0,0,0,0,0,0,0,0,0,0,0,0,0,0,0,0,0,0,0,0,0,0,0,0,0,0,0,0,0,0,0,0,0,0,0.0312,0,0,0,0,0,0,0,0,0,0,0,0,0,0.0408,0,0,0,0,0,0,0,0,0,0,0,0,0,0,0,0,0,0,0,0,0,0,0,0,0,0,0,0,0,0.0896,0.1333,0.1207,0.2759,0.2353,0.1905,0.2344,0.2,0.1584,0,0,0.0051,0,0,0,0,0,0,0
menC,MOB_2322340_2322345_IS186_-1,sv,2322340,0,0,0,0.0503,0,0.0561,0.1307,0,0.0443,0.0395,0.0372,0.0176,0.0366,0,0.018,0,0.0395,0.0339,0.0789,0,0.0184,0.0542,0,0,0.0556,0,0.0585,0.022,0.0165,0,0.0278,0.0804,0,0.0243,0,0,0.1284,0.0209,0,0.0914,0,0,0.0938,0.1223,0.2954,0.2129,0.2782,0.3071,0.3144,0.2223,0.4158,0.2687,0.1076,0.5781,0.227,0.0425,0.0469,0.0508,0.4166,0.0993,0.1489,0.1729,0.8839,0.8251,0.3579,0.4681,0.6113,0.6595,0.635,0.7876,0.9145,0.7821,0.8346,0.7565,0.7737,0.9545,1,1,1,1,1,0.9685,0.9914,1,1,1,1,1,1,1,1,0.9877,1,0.9881,1,0.9816,0.9884,0.988,0.9869,0.9944,1,1,1,1,1,1,1,0.9898,1,1,1,1,1,1,1,0.9885,1,0.989,0.9954,1
intergenic,A->C,noncoding,2348815,0,0,0,0,0,0,0,0,0,0,0,0,0,0,0,0,0,0,0,0,0,0,0,0,0,0,0,0,0,0,0,0,0,0,0,0,0,0,0,0,0,0,0,0,0,0,0,0,0,0,0,0,0,0,0,0,0,0,0,0,0.0566,0.1304,0.2941,0.2778,0.25,0.375,0.2581,0.1467,0.1667,0,0,0.5417,0.8684,0.88,0.7333,0.625,1,1,1,0.9833,0.9655,1,0.9688,0.9231,0.8966,1,1,1,1,1,0.9286,1,0.9667,0.913,1,1,1,1,1,1,1,1,1,1,1,1,1,1,1,1,1,1,1,0.9906,1,1,1,1,1,1
mepA,G->T,missense,2389192,0,0,0,0,0,0,0,0,0,0,0,0,0,0,0,0,0,0,0,0,0,0,0,0,0,0,0,0,0,0,0,0,0,0,0,0,0,0,0,0,0,0,0,0,0,0,0,0,0,0,0,0,0,0,0,0,0,0,0,0,0,0,0,0,0,0,0,0,0,0,0,0,0,0,0,0,0,0,0,0,0,0,0,0,0,0,0,0,0,0,0,0,0,0,0,0,0,0,0,0,0,0.02,0,0,0,0,0,0,0,0,0,0,0,0,0,0,0,0.0484,0.1591,0.2289
ypdE,indel;+CGGCAAT,indel,2438822,0.0517,0,0.2105,0,0,0.094,0,0.2,0.0474,0.0589,0.093,0,0,0.0318,0,0.0625,0.0769,0.0313,0.1176,0.0671,0.0445,0.2,0.1026,0.0606,0.1508,0.0714,0.0533,0.0635,0.0669,0.0435,0,0.1355,0,0.1747,0.0427,0.0836,0,0.0478,0.034,0.1429,0.0606,0.1081,0,0,0.0514,0.137,0.0625,0.0457,0.10780000000000001,0.0543,0,0,0,0.1333,0.0645,0.0964,0,0.0714,0.1115,0.0637,0.0258,0.0671,0.1212,0.0571,0.1158,0,0.3429,0.4557,0.4389,0.6349,0.9375,0.1796,0.1393,0.0743,0.2222,0.0358,0,0,0.3077,0.0446,0.12,0.1538,0.0435,0,0.0563,0,0.2158,0.0529,0.1026,0,0,0.0535,0.0444,0.0658,0.0872,0.1951,0.0476,0.0394,0.02,0.0955,0.0873,0.0456,0.0606,0.2341,0.1183,0,0.0823,0.1216,0.0741,0.0705,0.0671,0.1114,0.0639,0.0533,0.0334,0.0317,0.0308,0.0234,0.0364,0.0764
mntH,A->C,noncoding,2446984,0,0,0,0,0,0,0,0,0,0,0,0,0,0,0,0,0,0,0,0,0,0,0,0,0,0,0,0,0,0,0,0,0,0,0,0,0,0,0,0,0,0,0,0,0,0,0,0,0,0,0,0,0,0,0,0,0,0,0,0,0,0,0,0,0,0,0,0,0,0,0,0,0,0,0,0,0,0,0,0,0,0,0,0,0,0,0,0,0,0,0,0,0,0,0.0357,0.1724,0.2,0.4444,0.7746,0.7692,0.9333,1,1,1,1,1,1,1,1,0.9903,1,1,1,0.9935,1,1,1,1,1,1
intergenic,MOB_2448493_2448498_IS186_-1,sv,2448493,0.0035,0,0,0,0,0.0323,0.1429,0,0.0168,0.0104,0,0.0145,0.0227,0.6986,0.963,1,1,1,1,1,1,1,1,1,1,1,0.9836,1,1,1,1,1,0.9833,1,1,0.9846,1,1,1,1,1,1,1,1,0.9844,1,1,1,1,1,1,1,1,1,1,1,1,1,1,1,1,1,1,1,1,1,1,1,1,1,1,1,1,1,1,1,1,1,1,1,1,1,1,1,0.9825,1,1,1,1,1,1,1,1,1,1,1,1,1,1,1,1,1,1,0.9851,1,0.9825,1,1,1,0.9932,1,1,1,0.9961,1,1,1,1,1,1
intergenic,MOB_2448493_2448498_IS186_1,sv,2448493,0,0,0,0,0,0.0323,0,0.7795,0.4276,0.8862,0.6415,0.0873,0.0458,0,0,,,,,,,,,,,,0.0357,,,,,,0,,,0,,,,,,,,,0,,,,,,,,,,,,,,,,,,,,,,,,,,,,,,,,,,,,,,,,0.0417,,,,,,,,,,,,,,,,,,,0.0265,,0,,,,0.0141,,,,0.0062,,,,,,
tktB,indel;A;-1,indel,2501542,0,0,0,0,0,0,0,0,0,0,0,0,0,0,0,0,0,0,0,0,0,0,0,0,0,0,0,0,0,0,0,0,0,0,0,0,0,0,0,0,0,0.04,0,0,0,0,0,0,0,0,0,0,0,0,0,0,0,0,0,0,0,0,0,0,0,0,0,0,0,0,0,0,0,0,0,0,0,0,0,0.0351,0.2917,0.8235,0.8095,0.75,0.9,1,0.9,0.5833,0.84,1,1,1,1,0.9545,1,1,1,1,1,1,1,1,1,1,1,1,1,1,1,1,1,1,1,1,1,1,1,1,1,1
yfhR,C->A,missense,2585234,0,0,0,0,0,0,0,0,0,0,0,0,0,0,0,0,0,0,0,0,0,0,0,0,0,0,0,0,0,0,0,0,0,0,0,0,0,0,0,0,0,0,0,0,0,0,0,0,0,0,0,0,0,0,0,0,0,0,0,0,0,0.2143,0.1333,0.3333,0.35,0.2632,0.125,0.1077,0.1379,0,0,0.5946,0.8,0.6452,0.8571,1,0.931,1,1,0.9828,1,1,1,1,1,0.9333,1,1,1,1,1,1,1,1,1,1,1,1,1,1,0.96,1,1,1,1,1,1,1,1,1,1,1,1,1,1,0.9535,1,1,1,1
pssA,A->C,noncoding,2644187,0,0,0,0,0,0,0,0,0,0,0,0,0,0,0,0,0,0,0,0,0,0,0,0,0,0,0,0,0,0,0,0,0,0,0,0,0,0,0,0,0,0,0,0,0,0,0,0,0,0,0,0,0,0,0,0,0,0,0,0,0,0,0,0,0,0,0,0.0233,0.04,0,0.0213,0.0526,0.1556,0.2273,0,0,0,0,0,0,0,0,0,0,0,0,0,0,0,0,0,0,0,0,0,0,0,0,0,0,0,0,0,0,0,0,0,0,0,0,0,0,0,0,0,0,0,0.005,0,0
ECB_02512,MOB_2681638_2681641_IS3_-1,sv,2681638,0,0,0,0,0,0,0,0,0,0,0,0,0,0,0,0,0,0,0,0,0,0,0,0,0,0,0,0,0,0,0,0,0,0,0,0,0,0,0,0,0,0,0,0,0,0,0,0,0,0,0,0,0.0214,0.2143,0,0.047,0.0735,0,0.0661,0.0583,0.1024,0.0947,0.1166,0.0324,0.0787,0.0837,0.2567,0.4884,0.3415,0.6971,0.9012,0.1921,0.0963,0.0772,0.067,0.0792,0.0515,0,0.2128,0.0215,0,0,0,0.0209,0,0.0365,0,0.0167,0,0,0,0.0077,0,0,0,0,0,0,0,0,0,0,0,0,0,0,0,0,0,0,0,0,0,0,0,0,0,0,0,0
intergenic,MOB_2706174_2706181_IS1_-1,sv,2706174,0,0,0.0498,0,0,0,0,0.0474,0,0.0156,0.0572,0,0.0346,0,0.0372,0,0,0.0333,0,0,0,0,0,0,0,0,0.0145,0,0.0213,0,0.0151,0.0312,0.0477,0,0,0.0415,0,0.0286,0,0,0,0,0,0.033,0.0303,0.0218,0.02,0,0,0.0612,0,0,0,0,0.0766,0,0,0,0,0.0468,0.0339,0.0244,0,0,0.0304,0,0,0,0,0,0,0,0,0,0,0,0.0339,0,0,0,0,0,0,0,0.0196,0.0313,0,0,0,0,0,0,0.0313,0,0,0,0.0543,0.0235,0.1323,0.0949,0.0629,0.2286,0.2311,0.3265,0.5689,0.5555,0.4636,0.5111,0.332,0.3032,0.1356,0.0387,0.0203,0.0505,0,0.0441,0,0.0221,0.0119,0.0073
emrA,junction_2706493_1_2706797_-1,sv,2706493,0,0,0,0,0,0,0,0,0,0,0,0,0,0,0,0,0,0,0,0,0,0,0,0,0,0,0,0,0,0,0,0,0,0,0,0,0,0,0,0,0,0,0,0,0,0,0,0,0,0,0,0,0,0,0.1688,0.044,0.2017,0.2091,0.1943,0.2044,0.2014,0.1645,0.202,0.202,0.0545,0.1075,0.1342,0.0685,0.1511,0.1882,0.0481,0.0191,0.0942,0.0573,0.0505,0.0377,0,0,0,0,0,0,0,0,0,0,0,0,0,0,0,0,0,0,0,0,0,0,0,0,0,0,0,0,0,0,0,0,0,0,0,0,0,0,0,0,0,0,0,0
emrB,junction_2708181_1_IS150_start,sv,2708181,0,0,0,0,0,0,0,0,0,0,0,0,0,0,0,0,0,0,0,0,0,0,0,0,0,0,0,0,0,0,0,0,0,0,0,0,0,0,0,0,0,0,0,0,0,0,0,0,0,0,0,0,0,0,0,0.075,0,0,0,0,0,0,0,0.05,0,0,0.1923,0.1321,0.1515,0,0,0,0,0,0,0,0,0,0,0,0,0,0,0,0,0,0,0,0,0,0,0,0,0,0,0,0,0,0,0,0,0,0,0,0,0,0,0,0,0,0,0,0,0,0,0,0,0,0,0
tRNA:serV,junction_2713428_1_IS186_start,sv,2713428,0,0,0,0,0,0,0,0.5,0.0545,0.025,0,0,0,0,0,0,0,0,0,0,0,0,0,0,0,0,0,0,0,0.0123,0,0,0,0,0,0,0,0,0,0,0,0,0,0.0049,0,0,0,0,0,0,0,0,0,0,0,0,0,0,0,0,0,0,0,0,0,0,0,0,0,0,0,0,0,0,0,0,0,0,0,0,0,0,0,0,0,0,0,0,0,0,0,0,0,0,0,0,0,0,0,0,0,0,0,0,0,0,0,0,0,0,0,0,0,0,0,0,0,0,0,0
csrA,T->G,missense,2713845,0,0,0,0,0,0,0,0,0,0,0,0,0,0,0,0,0,0,0,0,0,0,0,0,0,0,0,0,0,0,0,0,0,0,0,0,0,0,0.0122,0,0,0,0,0,0,0,0,0,0,0,0,0,0,0,0,0,0,0,0,0.025,0.0948,0.1644,0.0833,0.0513,0.0833,0.025,0.0526,0.0107,0,0,0.0137,0.1282,0.0291,0.0988,0.0263,0.0508,0.0114,0,0,0,0,0,0,0,0,0,0,0,0,0,0,0,0,0,0,0,0,0,0,0,0,0,0,0,0,0,0,0,0,0,0,0,0,0.0042,0,0,0,0,0,0
ECB_02621,junction_2793253_-1_IS186_end,sv,2793253,0,0,0,0,0,0,0,0.2353,0.1463,0.0625,0.037,0,0,0,0,0,0,0,0,0,0,0,0,0,0,0,0,0,0,0,0,0,0,0,0,0,0,0,0,0,0,0,0,0,0,0,0,0,0,0,0,0,0,0,0,0,0,0,0,0,0,0,0,0,0,0,0,0,0,0,0,0,0,0,0,0,0,0,0,0,0,0,0,0,0,0,0,0,0,0,0,0,0,0,0,0,0,0,0,0,0,0,0,0,0,0,0,0,0,0,0,0,0,0,0,0,0,0,0,0
intergenic,MOB_2794461_2794469_IS1_1,sv,2794461,0,0,0,0,0,0,0,0,0,0,0,0,0,0,0,0,0,0,0,0,0,0,0,0,0,0,0,0,0,0,0,0,0,0,0,0,0,0,0,0,0,0,0,0,0,0,0,0,0,0,0,0,0,0,0,0,0,0,0,0,0,0,0,0,0,0,0,0,0,0,0,0,0,0,0,0,0,0,0,0,0,0,0,0,0,0,0,0,0,0,0,0,0,0,0,0,0,0,0,0,0,0,0,0,0,0.0402,0.0265,0.1115,0.2308,0.0574,0.2116,0.1093,0.0912,0.0275,0,0,0.0324,0.0207,0.0162,0
pyrG,T->G,missense,2797742,0,0,0,0,0,0,0,0,0,0,0,0,0,0,0,0,0,0,0,0,0,0,0,0,0,0,0,0,0,0,0,0,0,0,0,0,0,0,0,0,0,0,0,0,0,0,0,0,0,0,0,0,0,0,0,0,0,0,0,0,0,0,0,0,0,0,0.1154,0.2687,0.2903,0.5714,0.9333,0.1429,0.12,0.0612,0.05,0,0.075,0,0.1304,0,0,0,0,0,0,0,0,0,0,0,0.04,0.0408,0,0,0,0,0,0,0,0,0,0,0,0,0,0,0,0,0,0,0,0,0,0,0,0,0,0,0,0
gudP,G->T,missense,2810545,0,0,0,0,0,0,0,0,0,0,0,0,0,0,0,0,0,0,0,0,0,0,0,0,0,0,0,0,0,0,0,0,0,0,0,0,0,0,0,0,0,0,0,0,0,0,0,0,0,0,0,0,0,0,0,0,0,0,0,0,0,0,0,0,0,0,0,0,0,0,0,0,0,0,0,0,0,0,0,0.0357,0.3043,0.875,0.8333,0.8571,0.7561,1,0.7143,0.8333,0.7576,1,1,1,1,1,1,1,0.963,1,1,1,1,1,1,1,1,1,1,1,1,1,1,1,0.993,1,1,1,0.973,0.9911,1,1
sdaC,G->A,nonsense,2817793,0,0,0,0,0,0,0,0,0,0,0,0,0,0,0,0,0,0,0,0,0,0,0,0,0.037,0,0,0,0,0,0,0,0.0882,0.2154,0.0385,0.0556,0.2,0.0702,0,0,0.1786,0.0588,0.0256,0,0,0,0,0,0,0,0,0,0,0,0,0,0,0,0,0,0,0,0,0,0,0,0,0,0,0,0,0,0,0,0,0,0,0,0,0,0,0,0,0,0,0,0,0,0,0,0,0,0,0,0,0,0,0,0,0,0,0,0,0,0,0,0,0,0,0,0,0,0.0039,0,0,0,0,0,0.0087,0
gcvA,indel;-1;+T,indel,2837247,0,0,0,0,0,0,0,0,0,0,0,0,0,0,0,0,0,0,0,0,0,0,0,0,0,0,0,0,0,0,0,0,0,0,0,0,0,0,0,0,0,0,0,0,0,0,0,0,0,0,0,0,0,0,0,0,0,0,0,0,0,0,0,0,0,0,0,0,0,0,0,0,0,0,0,0,0,0,0,0,0,0,0,0,0,0,0,0,0.125,0.3333,0.45,0.0263,0,0,0,0,0,0,0,0,0,0.0133,0,0,0,0,0,0,0,0,0,0,0.0067,0.0076,0,0.0278,0.0323,0.0052,0.02,0
yqeB,indel;+T,indel,2899616,0,0,0,0,0,0,0,0,0,0,0,0,0,0,0,0,0,0,0,0,0,0,0,0,0,0,0,0,0,0,0.036,0.0595,0.1646,0.1846,0,0,0,0,0,0,0,0,0,0,0,0,0,0,0,0,0,0,0,0,0,0,0,0,0,0,0,0,0,0,0,0,0,0,0,0,0,0,0,0,0,0,0,0,0,0,0,0,0,0,0,0,0,0,0,0,0,0,0,0,0,0,0,0,0,0,0,0,0,0,0,0,0,0,0,0,0,0,0,0,0,0,0,0,0,0
yqeB,MOB_2899617_2899617_IS150_-1,sv,2899617,0,0,0,0,0,0.0303,0,0,0,0,0,0,0,0,0,0,0,0,0.0988,0.3031,1,1,1,1,1,1,1,1,1,1,1,1,1,1,1,1,1,0.9995,1,1,1,1,1,1,1,1,1,1,1,1,1,1,1,1,1,1,1,1,1,1,1,1,1,1,1,1,1,1,1,1,1,1,1,1,1,1,1,1,1,1,1,1,1,1,1,1,1,1,1,1,1,1,1,1,1,1,1,1,1,1,1,1,1,1,1,1,1,1,1,1,1,1,1,1,1,1,1,1,1,1
ygfU,G->A,synonymous,2918131,0,0,0,0,0,0,0,0,0,0,0,0,0,0,0,0,0,0,0,0,0,0,0,0,0,0,0,0,0,0,0,0,0,0,0,0,0,0,0,0,0,0,0,0,0,0,0,0,0,0,0,0,0,0,0,0,0,0,0,0,0,0,0,0,0,0,0,0,0,0,0,0,0,0,0,0,0,0,0,0,0,0,0,0,0,0,0,0,0,0,0,0,0,0,0,0,0,0,0,0,0,0.023,0,0,0,0,0,0,0,0,0,0,0,0,0,0,0,0,0,0.0164
recJ,C->T,missense,2922758,0,0,0,0,0,0,0,0,0,0,0,0,0,0,0,0,0,0,0,0,0,0,0,0,0,0,0,0,0,0,0,0,0,0,0,0,0,0,0,0,0,0,0,0,0,0,0,0,0,0,0,0,0,0,0,0,0,0,0,0,0,0,0,0,0,0,0,0,0,0,0,0,0,0,0,0,0,0,0,0,0,0,0,0,0,0.12,0.0909,0.3333,0.4091,0.2857,0.4211,0,0,0,0,0,0,0,0,0,0,0,0,0,0,0,0,0,0,0,0,0,0,0,0.0323,0,0,0,0,0
nupG,C->A,noncoding,2991324,0,0,0,0,0,0,0,0,0,0,0,0,0,0,0,0,0,0,0.1111,0,0,0,0,0,0,0,0,0,0,0,0,0,0,0,0,0,0,0,0,0,0,0,0,0,0,0,0,0,0,0,0,0,0,0,0,0,0,0,0,0,0,0,0,0,0,0,0,0,0,0,0,0,0,0,0,0,0,0,0,0,0,0,0,0,0,0,0,0,0,0,0,0,0,0,0,0,0,0,0.0156,0,0,0.1045,0.125,0.25,0.0714,0.08,0.1944,0.1087,0.1,0.0597,0,0,0,0,0,0,0,0,0,0
nupG,indel;+70,indel,2992366,0,0,0,0,0,0,0,0,0,0,0,0,0,0,0,0,0,0,0,0,0,0,0,0,0,0,0,0,0,0,0,0,0,0,0,0,0,0,0,0,0,0,0,0,0,0,0,0,0,0,0,0,0,0,0,0,0,0,0,0,0,0,0,0.1053,0.1786,0.0714,0.2051,0.3288,0.1728,0.2857,0.6076,0.2449,0.0472,0.0263,0,0.093,0.0811,0,0.0455,0,0,0,0.0938,0,0.0144,0,0.0625,0,0,0,0,0,0,0.0556,0,0,0,0,0,0,0,0,0,0,0,0,0,0,0,0,0,0,0,0,0,0,0,0,0,0
ECB_02797,junction_2996588_-1_IS1_end,sv,2996588,0,0,0,0,0,0,0,0,0,0,0,0,0,0,0,0,0,0,0,0,0,0,0,0.9667,1,1,1,1,1,1,1,1,1,1,1,1,1,1,1,1,1,1,1,1,1,1,1,1,1,1,1,1,1,1,1,1,1,1,1,1,1,1,1,1,1,1,1,1,1,1,1,1,1,1,1,1,1,1,1,1,1,1,1,1,1,1,1,1,1,1,1,1,1,1,1,1,1,1,1,1,1,1,1,1,1,1,1,1,1,1,1,1,1,1,1,1,1,1,1,1
ECB_02825,junction_3024835_-1_IS1_end,sv,3024835,0,0,0,0,0,0,0,0,0,0,0,0,0,0,0,0,0,0,0,0,0,0,0,0,0,0,0,0,0,0,0,0,0,0,0,0,0,0,0,0,0,0,0,0,0,0,0,0,0,0,0,0,0,0,0,0,0,0,0,0,0,0,0,0,0,0,0,0,0,0,0,0,0,0,0,0,0,0,0,0,0,0,0,0,0,0,0,0,0,0,0,0,0,0,0,0,0,0.027,0,0,0,0,0.05,0,0.087,0.12,0.3095,0.4429,0.8333,0.7079,1,0.9583,0.9667,0.9583,1,1,1,1,0.9804,1
ECB_02826,junction_3025480_-1_IS150_end,sv,3025480,0,0,0,0,0,0,0,0,0,0,0,0,0,0,0,0,0,0,0,0,0,0,0,0,0,0,0,0,0,0,0,0,0,0,0,0,0,0,0,0,0,0,0,0,0,0,0,0,0,0,0,0,0,0,0,0,0,0,0,0,0,0,0,0,0,0,0,0,0,0,0,0,0,0,0,0,0,0,0,0,0,0,0,0,0.0606,0.0833,0,0.1538,0.1667,0.2857,0,0,0,0,0,0,0,0,0,0,0,0,0,0,0,0,0,0,0,0,0,0,0,,,,,,,
ECB_02826,MOB_3026024_3026032_IS1_-1,sv,3026024,0,0,0,0,0,0,0,0,0,0,0,0,0,0,0,0,0,0,0,0,0,0,0,0,0,0,0,0,0,0,0,0,0,0,0,0,0,0,0,0,0,0,0,0,0,0,0,0,0,0,0,0,0,0,0,0,0,0,0,0,0,0,0,0,0,0,0,0,0,0,0,0,0,0,0,0,0,0,0,0,0,0,0,0,0,0,0,0,0,0,0,0.0238,0.0444,0.1846,0.072,0.069,0.0538,0.0909,0.0481,0.0121,0,0,0,0,0,0,0,0,0,0,0,0,0,0,,0,,,,
ECB_02826,MOB_3026706_3026714_IS1_-1,sv,3026706,0,0,0,0,0,0,0,0,0,0,0,0,0,0,0,0,0,0,0,0,0,0,0,0,0,0,0,0,0,0,0,0,0,0,0,0,0,0,0,0,0,0,0,0,0,0,0,0,0,0,0,0.1,0.2676,0.2857,0.8135,0.2273,0.2114,0.7381,0.6989,0.6851,0.8822,0.7319,0.8201,0.835,0.7352,0.6678,0.7237,0.2366,0.532,0.3906,0.118,0.2659,0.1838,0.1638,0.0455,0.0667,0,0,0,0,0,0,0,0,0,0,0,0,0,0,0,0,0,0,0,0,0,0,0,0,0,0,0,0,0,0,0,0,0,0,0,0,0,0,,,,0,,
ECB_02836,MOB_3035123_3035125_IS150_1,sv,3035123,0,0,0,0,0,0,0,0,0,0,0,0,0,0,0,0,0,0,0,0,0,0,0,0,0,0,0,0,0,0,0,0,0,0,0,0,0,0,0,0,0,0,0,0,0,0,0,0,0,0,0,0,0,0,0,0,0,0,0,0,0,0,0,0,0,0,0,0,0,0,0,0.3016,0.6795,0.6271,0.8857,0.9756,0.9692,1,0.9524,1,1,0.9355,1,1,1,1,0.931,1,1,1,1,1,1,1,1,1,1,1,1,1,1,1,1,1,1,1,1,1,1,1,1,1,1,1,,,1,,,
yghO,junction_3055968_1_IS1_start,sv,3055968,0,0,0,0,0,0,0,0,0,0,0,0,0,0,0,0,0,0,0,0,0,0,0,0,0,0,0,0,0,0,0,0,0,0,0,0,0,0,0,0,0,0,0,0,0,0,0,0,0,0,0,0,0,0,0,0,0,0,0,0,0,0,0,0,0,0,0,0,0,0,0,0,0,0,0,0,0,0,0,0,0,0,0,0,0,0,0,0,0,0,0,0,0,0,0,0,0,0,0.0112,0,0,0,0.0476,0.027,0.087,0.1143,0.3871,0.4923,0.8571,0.7439,0.92,0.9524,1,0.9695,1,1,1,0.99,1,1
ECB_02855,junction_3061878_1_IS1_start,sv,3061878,0,0,0,0,0,0,0,0,0,0,0,0,0,0,0,0,0,0,0,0,0,0,0,0,0,0,0,0,0,0,0,0,0,0,0,0,0,0,0,0,0,0,0,0,0,0,0,0,0,0,0,0,0,0,0,0,0,0,0,0,0,0,0,0,0,0,0,0,0,0,0,0,0,0,0,0,0,0,0,0,0,0,0,0,0,0.0671,0.1266,0.1005,0.201,0.25,0.0459,0,0,0,0,0,0,0,0,0,0,0,0,0,0,0,0,0,0,0,0,0,0,0,0,0,0,0,0,0
ygiQ,G->A,missense,3094015,0,0,0,0,0,0,0,0,0,0,0,0,0,0,0,0,0,0,0,0,0,0,0,0,0,0,0,0,0,0,0,0,0,0,0,0,0,0,0,0,0,0,0,0,0,0,0,0,0,0,0,0,0,0,0,0,0,0,0,0,0,0,0,0,0,0,0,0,0,0,0,0.0233,0,0,0,0,0,0,0,0,0.027,0.16,0.1818,0.1176,0.0612,0,0,0,0,0,0,0,0,0,0,0,0,0,0,0,0,0,0,0,0,0,0,0,0,0,0,0.0152,0,0,0,0,0,0,0,0
ygiQ,G->A,missense,3094238,0,0,0,0,0,0,0,0,0,0,0,0,0,0,0,0,0,0,0,0,0,0,0,0,0,0,0,0,0,0,0,0,0,0,0,0,0,0,0,0,0,0,0,0,0,0,0,0,0,0,0,0,0,0,0,0,0,0,0.087,0.0417,0.25,0.3824,0,0.25,0.186,0,0.1579,0.029,0.037,0,0,0.1463,0.1961,0.1,0.0476,0.0435,0,0,0,0,0,0,0,0,0,0,0,0,0,0,0,0,0,0,0,0,0,0,0.0222,0,0,0,0,0,0,0,0,0,0,0,0,0,0,0,0,0,0,0.0068,0,0
yqiG,T->G,synonymous,3122284,0,0,0,0,0,0,0,0,0,0,0,0,0,0,0,0,0,0,0,0,0.0086,0,0,0,0,0,0,0,0,0,0,0.025,0,0,0,0,0,0,0,0,0,0,0,0,0,0,0,0,0,0,0,0,0,0,0,0,0,0,0,0,0,0,0,0,0,0,0,0,0,0,0,0,0,0,0,0,0,0,0,0,0,0,0.0208,0,0,0,0,0,0,0,0,0,0,0,0,0,0,0,0,0,0,0.0093,0,0,0,0,0,0,0,0,0,0,0.0115,0.0109,0,0,0.0588,0.0917,0.3176,0.44
ebgA,C->A,missense,3158402,0,0,0,0,0,0,0,0,0,0,0,0,0,0,0,0,0,0,0,0,0,0,0,0,0,0,0,0,0,0,0,0,0,0,0,0,0,0,0,0,0,0,0,0,0,0,0,0,0,0,0,0,0.0476,0.25,0.3077,0.0345,0.0357,0,0.069,0,0.0652,0,0.0769,0.087,0.2083,0,0.1818,0.4909,0.3333,0.9091,0.8864,0.1471,0.0526,0.1515,0.3125,0.087,0.0256,0,0,0.038,0.0323,0.1,0,0,0,0,0,0,0.0323,0,0,0,0,0,0,0,0,0,0,0,0,0,0,0,0,0,0,0,0,0,0,0,0,0,0,0,0,0,0,0
yqjK,A->G,missense,3183318,0,0,0,0,0,0,0,0,0,0,0,0,0,0,0,0,0,0,0,0,0,0,0,0,0,0,0,0,0,0,0,0,0,0,0,0,0,0,0,0,0,0,0,0,0,0,0,0,0,0,0,0,0,0,0,0,0,0,0,0,0,0,0,0,0.0741,0.25,0,0.0469,0,0,0,0,0,0,0,0,0,0,0,0,0,0,0,0,0,0,0,0,0,0,0,0,0,0,0,0,0,0,0,0,0,0,0,0,0,0,0,0,0,0,0,0,0,0,0,0,0,0,0,0
infB,T->G,missense,3250680,0,0,0,0,0,0,0,0,0,0,0,0,0,0,0,0,0,0,0,0,0,0,0,0,0,0,0,0,0,0,0,0,0,0.0286,0.087,0.1667,0.4167,0.125,0.0435,0,0,0,0,0,0,0,0,0,0,0,0,0,0,0,0,0,0,0,0,0,0,0,0,0,0,0,0,0,0,0,0,0,0,0,0,0,0,0,0,0,0,0,0,0,0,0,0,0,0,0,0,0,0,0,0,0,0,0,0,0,0,0,0,0,0,0,0,0,0,0,0,0,0,0,0,0,0,0,0,0
yhbE,junction_3268055_-1_IS150_start,sv,3268055,0,0,0,0,0,0,0,0,0,0,0,0,0,0,0,0,0,0,0,0,0,0,0,0,0,0,0.0769,0,0.1053,0.2727,0.4,0,0,0,0,0,0,0,0,0.0769,0,0,0,0,0,0,0,0,0,0,0,0,0,0,0,0,0,0,0,0,0,0,0,0,0,0,0,0,0,0,0,0,0,0,0,0,0,0,0,0,0,0,0,0,0,0,0,0,0,0,0,0,0,0,0,0,0,0,0,0,0,0,0,0,0,0,0,0,0,0,0,0,0,0,0,0,0,0,0,0
yhbG,G->A,missense,3279827,0,0,0,0,0,0,0,0,0,0,0,0,0,0.0185,0,0,0,0,0,0,0,0,0,0,0,0,0,0,0,0,0,0,0,0,0,0,0,0,0,0,0,0,0,0,0,0,0,0,0,0,0,0,0,0,0,0,0,0,0,0,0,0,0.0769,0,0,0,0,0,0,0,0.122,0.6038,0.7778,0.8718,0.6,0.9286,0.8837,1,0.9412,1,1,0.9697,0.9286,1,0.9756,1,1,1,1,1,1,1,1,0.9643,1,1,1,1,1,1,1,1,1,1,1,1,1,1,1,1,1,1,0.9953,1,1,1,1,1,1,1
argR,T->G,missense,3312668,0,0,0,0,0,0.0256,0,0,0,0,0,0,0,0,0,0,0,0,0,0,0,0,0,0,0,0,0,0,0,0,0,0,0,0,0,0,0,0,0,0,0,0,0,0,0,0,0,0,0,0,0,0,0,0.2308,0.0645,0.0678,0.0833,0.0294,0.0645,0.0909,0.0345,0.1429,0.1176,0.2632,0.1613,0.2353,0.1724,0.4787,0.3793,0.75,0.7907,0.2045,0.0702,0.0851,0.0909,0.125,0,0,0.05,0.0288,0,0,0,0,0,0,0,0.0435,0,0,0,0,0.0476,0,0,0,0,0,0,0,0,0,0,0,0,0,0,0,0,0,0,0,0,0.0074,0,0,0,0,0,0
argR,G->A,missense,3312687,0,0,0,0,0,0,0,0,0,0,0,0,0,0,0,0,0,0,0,0,0,0,0,0,0,0,0,0,0,0,0,0,0,0,0,0,0,0,0,0,0.0455,0,0,0,0,0,0,0,0,0,0,0,0,0,0,0,0,0,0,0,0,0,0,0,0,0,0,0.0097,0,0,0,0,0,0,0,0,0,0,0,0,0,0,0,0,0,0.0476,0.0714,0.037,0.0667,0,0.3684,0.9851,0.96,1,1,1,1,1,1,1,1,1,1,1,1,1,1,1,1,1,1,1,1,1,1,1,1,1,0.9848,1
yhdP,C->T,synonymous,3323322,0,0,0,0,0,0.0377,0,0,0,0,0,0,0,0,0,0,0,0,0,0,0,0,0,0,0,0,0,0,0,0,0,0,0,0,0,0,0,0,0,0,0,0,0,0,0,0,0,0,0,0,0,0,0,0,0,0,0,0,0,0,0,0,0,0,0,0,0,0,0,0,0,0,0,0,0,0,0,0,0.0645,0.0115,0,0,0,0,0,0,0,0,0,0,0,0,0,0.0333,0.0455,0.122,0.0588,0,0.0317,0,0,0,0,0,0,0,0,0,0,0,0,0.0137,0,0,0,0,0,0,0,0
mreB,C->A,missense,3328619,0,0,0.4545,0.6522,0.4545,0.9636,1,1,1,1,1,1,1,1,1,1,1,1,1,1,1,1,1,1,1,1,1,1,1,1,1,1,1,1,1,1,1,0.9677,1,1,1,1,1,1,1,1,1,1,1,1,1,1,1,1,1,1,0.96,1,1,1,1,1,1,1,1,1,1,1,1,1,1,1,1,1,1,1,1,1,1,0.9848,1,1,1,1,1,1,1,1,1,1,1,1,1,1,1,1,1,1,1,1,1,1,1,1,1,1,1,1,1,1,1,1,1,1,1,1,1,1,1,0.9899
yhdJ,C->A,noncoding,3339490,0,0,0,0,0,0,0,0,0.0076,0,0,0,0,0,0,0,0,0,0.04,0,0.98,1,1,1,1,1,0.9821,1,1,1,1,1,1,1,1,1,1,0.9821,1,1,1,1,1,1,1,1,1,1,1,1,1,1,1,1,1,1,1,1,1,1,1,1,1,1,1,1,1,1,1,1,1,1,1,1,1,1,1,1,1,1,1,1,1,1,1,1,1,1,1,1,1,1,1,1,1,1,1,1,1,1,1,1,1,1,1,1,1,1,1,1,1,1,1,1,1,1,1,1,1,1
rpsD,T->C,missense,3369432,0,0,0,0,0,0,0,0,0,0,0,0,0,0,0,0,0,0,0,0,0,0,0,0,0,0,0,0,0,0,0,0,0,0,0,0,0,0,0,0,0,0,0,0,0,0,0,0,0,0,0,0,0,0,0,0,0,0,0,0,0,0,0,0,0,0,0,0,0,0,0,0,0,0,0,0.3143,0.913,1,1,1,1,1,0.975,0.9412,1,0.9583,1,0.9259,1,0.9444,1,1,1,1,1,1,1,1,1,1,1,1,1,1,1,1,1,1,1,0.9898,1,1,1,1,1,1,1,1,1,1
rpsD,T->G,missense,3369432,0,0,0,0,0,0,0,0,0,0,0,0,0,0,0,0,0,0,0,0,0,0,0,0,0,0,0,0,0,0,0,0,0,0,0,0,0,0,0,0,0,0,0,0,0,0,0,0,0,0,0,0,0,0,0,0,0,0,0,0,0,0,0,0.15,0,0.1176,0.3043,0.4783,0.3962,0.6364,0.7963,0.1224,0.0137,0.0612,0.1875,0.1143,0.087,0,0,0,0,0,0.025,0.0588,0,0.0417,0,0.0741,0,0.0556,0,0,0,0,0,0,0,0,0,0,0,0,0,0,0,0,0,0,0,0.0102,0,0,0,0,0,0,0,0,0,0
rpsE,G->A,synonymous,3373108,0,0.027,0,0,0.125,0.05,0,0,0.0101,0,0,0.0303,0,0,0,0,0,0,0,0,0,0,0,0,0,0,0,0,0,0,0,0,0,0,0,0,0,0,0,0,0,0,0,0,0,0,0,0,0,0,0,0,0,0,0,0,0,0,0,0,0,0,0,0,0,0,0,0,0,0,0,0,0,0,0,0,0,0,0,0,0,0,0,0,0,0,0,0,0,0,0,0,0,0,0,0,0,0,0,0,0,0,0,0,0,0,0,0,0,0,0,0,0,0,0,0,0,0.008,0.0308,0
rplF,A->G,missense,3373810,0,0,0,0,0,0,0,0,0,0,0,0,0,0,0,0,0,0,0,0,0,0,0,0,0,0,0,0,0,0,0,0,0,0,0,0,0,0,0,0,0,0,0,0,0,0,0,0,0,0,0,0,0,0,0,0,0,0,0,0,0,0,0,0,0,0,0,0,0,0,0,0,0,0,0,0,0,0,0,0,0,0,0,0,0,0,0,0,0,0,0,0,0,0,0,0,0,0,0,0,0,0,0,0.0179,0,0.1489,0.3333,0.4507,0.5,0.7624,0.913,1,0.973,0.972,0.9535,1,1,1,1,1
rplP,T->G,missense,3376803,0,0,0,0,0,0,0,0,0,0,0,0,0,0,0,0,0,0,0,0,0,0,0,0,0,0,0,0,0,0,0,0,0.0769,0.1837,0,0,0.0345,0,0,0.2222,0,0,0,0,0,0,0,0,0,0,0,0,0,0,0,0,0,0,0,0,0,0,0,0,0,0,0,0,0,0,0,0,0,0,0,0,0,0,0,0,0,0,0,0,0,0,0,0,0,0,0,0,0,0,0,0,0,0,0,0,0,0,0,0,0,0,0,0,0,0,0,0,0,0,0,0,0,0,0,0
yhfX,C->T,missense,3439190,0,0,0,0,0,0,0,0,0,0,0,0,0,0,0,0,0,0,0,0,0,0,0,0,0,0,0,0,0,0,0,0,0,0,0,0,0,0,0,0,0,0,0,0,0,0,0,0,0,0,0,0,0,0,0,0.04,0.2,0.1333,0.2222,0.2121,0.08,0.4,0.5455,0.4286,0.2424,0.125,0.3077,0.1379,0.25,0,0.0556,0.7,0.7429,0.6562,0.6875,1,1,1,0.9091,0.9808,1,0.8571,0.9333,1,1,1,1,1,1,1,1,0.9643,0.913,1,1,1,1,1,0.9697,1,1,1,1,1,1,1,1,1,1,1,1,0.9737,1,1,1,1,1,1,1,1
ompR,A->C,missense,3464586,0,0,0,0,0,0,0,0,0,0,0,0,0,0,0,0,0,0,0,0,0,0,0,0,0,0,0,0,0,0,0,0,0,0,0,0,0,0,0,0,0,0,0,0,0,0,0,0,0,0,0,0,0,0,0,0,0,0,0,0,0,0,0.0909,0.087,0.1481,0.3636,0.45,0.0769,0.0606,0.3667,0.069,0.0811,0,0,0,0,0,0,0,0,0,0,0,0,0,0,0,0,0,0,0,0,0,0,0,0,0,0,0,0,0,0,0,0,0,0,0,0.0175,0,0,0,0,0,0,0,0,0,0,0,0
feoA,T->C,missense,3469030,0,0,0,0,0,0,0,0,0,0,0,0,0,0,0,0,0,0,0,0,0,0,0,0,0,0,0,0,0,0,0,0,0,0,0,0,0,0,0,0,0,0,0,0,0,0,0,0,0,0,0,0,0,0,0,0,0,0,0,0,0.0588,0.0769,0.5294,0.2917,0.0968,0.4167,0.1562,0.253,0.2059,0.0217,0.0417,0.5814,0.7636,0.8293,0.75,0.8261,0.9783,1,0.9615,0.9884,0.9722,1,1,1,1,0.9394,0.9524,1,1,1,0.9524,1,1,1,1,1,1,1,1,1,0.9615,1,1,1,1,1,1,1,1,1,1,1,1,1,1,1,1,1,1,1
intergenic,C->T,noncoding,3475057,0,0,0.0286,0,0,0,0,0,0,0,0,0,0,0,0,0,0,0,0,0,0,0,0,0,0,0,0,0,0,0,0,0,0,0,0,0,0.2778,0.1081,0.1212,0,0,0,0,0.1574,0.4167,0.0556,0.0465,0.0208,0,0.0789,0,0.0526,0.0968,0.2353,0,0.2245,0.1724,0,0.0571,0.0816,0.0328,0.098,0,0.04,0.2143,0.1818,0.2759,0.5143,0.5106,0.75,0.9048,0.0962,0.0541,0.0952,0,0,0,0,0,0.0123,0.0465,0,0.1026,0,0,0,0,0,0.0303,0,0.1176,0,0,0,0.0536,0.1333,0.0244,0,0,0.0182,0,0,0,0,0.05,0.2692,0.125,0.0545,0,0.028,0,0,0,0,0.0233,0.0476,0.0213,0.095,0.08,0.0841
malT,indel;-4,indel,3483359,0,0,0,0,0,0,0,0,0,0,0,0,0,0,0,0,0,0,0,0,0,0,0,0,0,0,0,0,0,0,0,0,0.1034,0.5455,0.8824,0.9583,1,1,1,0.9524,1,0.9167,0.9444,0.8785,0.9583,1,1,1,0.975,1,1,1,1,1,1,1,1,1,1,1,1,1,1,1,1,1,1,1,1,1,0.9583,1,1,1,1,1,1,1,1,1,1,1,0.95,1,1,1,1,1,1,0.9167,1,1,1,1,1,1,1,1,1,1,1,1,1,1,1,1,1,1,1,1,1,0.9787,1,0.9886,1,1,1,0.9898,1,1
glpG,A->C,noncoding,3490093,0,0,0,0,0,0,0,0,0,0,0,0,0,0,0,0,0,0,0,0,0,0,0,0,0,0,0,0,0,0,0,0,0,0,0,0,0,0,0,0,0,0,0,0,0,0,0,0,0,0,0,0,0,0,0,0,0,0,0,0,0.0317,0.25,0.4737,0.2778,0.5185,0.2,0.3158,0.1379,0.2444,0.0222,0.0222,0.7,0.6765,0.4762,0.7188,1,0.92,1,0.9412,0.9746,0.94,0.8519,0.9592,0.9545,1,1,1,1,0.9643,1,1,1,0.9677,1,0.9828,1,1,1,1,1,1,1,1,1,1,1,1,1,1,1,1,1,1,1,1,1,1,0.9957,1,0.9911
rhsB,T->C,synonymous,3553995,0,0,0,0,0,0,0,0,0,0,0,0,0,0,0,0,0,0,0,0,0,0,0,0,0,0,0,0,0,0,0,0,0,0,0,0,0,0,0,0,0,0,0,0,0,0,0,0,0,0,0,0,0,0,0,0,0,0,0,0,0,0,0,0,0.0333,0,0.1176,0.1562,0.0811,0,0,0,0,0,0,0,0,0,0,0,0,0,0,0,0,0,0,0,0,0,0,0,0,0,0,0,0,0,0,0,0,0,0,0,0,0,0,0,0,0,0,0,0,0,0,0,0,0,0,0
yhiH,G->A,synonymous,3557592,0,0,0,0,0,0,0,0,0,0,0,0,0,0,0,0,0,0,0,0,0,0,0,0,0,0,0,0,0,0,0,0,0,0,0,0,0,0,0,0,0,0,0,0,0,0,0,0,0,0,0,0,0,0,0,0,0,0,0,0,0,0,0,0,0,0,0,0,0,0,0,0,0.0312,0.0789,0.1667,0,0,0,0,0,0,0,0,0,0,0,0,0,0,0,0,0,0,0,0,0,0,0,0,0,0,0,0,0,0,0,0,0,0,0,0,0,0,0,0,0,0,0,0,0
intergenic,T->G,noncoding,3740817,0,0,0,0,0,0,0,0,0,0,0,0,0,0,0,0,0,0,0,0,0,0,0,0,0,0,0,0,0,0,0,0,0,0,0,0,0,0,0,0,0,0,0,0,0,0,0,0,0,0,0,0,0,0,0,0,0,0,0,0,0,0,0,0,0,0,0,0,0,0,0,0,0,0,0,0,0,0,0,0,0,0,0,0,0,0,0,0,0,0,0,0,0,0,0,0,0,0,0,0,0,0,0,0,0,0,0,0,0,0.0059,0,0.0172,0.0169,0.0369,0,0.0488,0.0833,0.1212,0.2483,0.411
dfp,T->G,missense,3752134,0,0,0,0,0,0,0,0,0,0,0,0,0,0,0,0,0,0,0,0,0,0,0,0,0,0,0,0,0,0,0,0,0,0,0,0,0,0,0,0,0,0,0,0,0,0,0,0,0,0,0,0,0,0,0,0,0,0,0,0,0,0,0,0,0,0,0,0,0,0,0,0,0,0,0,0,0,0,0,0,0,0,0,0,0,0,0,0,0,0,0,0,0,0,0,0,0,0,0,0,0,0,0,0,0,0.2632,0.2778,0.4516,0.75,0.75,0.8636,0.9787,0.9836,0.9878,1,1,1,1,0.9394,1
spoT,G->T,missense,3762480,0.0048,0.7805,1,1,1,1,1,1,1,1,1,1,1,1,1,1,1,1,1,1,1,1,1,1,1,1,1,0.9643,1,1,1,1,1,1,1,1,1,1,1,1,1,1,1,1,1,1,1,1,1,1,1,1,1,1,1,1,1,1,1,1,1,1,1,1,1,1,1,1,1,1,1,1,1,1,1,1,1,1,1,0.9875,0.9706,1,1,1,1,1,1,1,1,1,1,1,1,1,1,1,1,1,1,1,1,1,1,1,1,1,1,1,1,1,1,1,1,1,1,1,1,1,1,1
yicL,C->T,noncoding,3798140,0,0,0,0,0,0,0,0,0,0,0,0,0,0,0,0,0,0,0,0,0,0,0,0,0,0,0,0,0,0,0,0,0,0,0,0,0,0,0,0,0,0,0,0,0,0,0,0,0,0,0,0,0,0,0,0,0,0,0,0,0.0351,0,0,0,0,0,0,0,0,0,0,0,0,0,0,0,0,0,0,0.0105,0,0,0,0,0,0,0,0,0,0.1053,0.1111,0,0,0,0,0,0,0,0,0,0,0,0,0,0,0,0,0,0,0,0,0,0,0,0,0,0,0,0,0
yieG,junction_3856107_1_IS186_end,sv,3856107,0,0,0,0,0,0,0,0,0,0,0,0,0,0,0,0,0,0,0,0,0,0,0,0,0,0,0,0,0,0,0,0,0,0,0,0,0,0,0,0,0,0,0,0,0,0,0,0,0,0,0,0,0,0,0,0,0,0,0,0,0.0172,0,0,0,0,0,0,0,0,0,0.0233,0,0,0,0,0,0,0,0,0,0,0,0,0,0,0,0,0,0,0,0,0,0,0,0,0,0,0,0.0132,0.0364,0.0588,0,0.1176,0.0882,0,0.1111,0.0513,0,0.0588,0.0119,0,0,0,0,0,0,0,0,0,0
intergenic,indel;C;+G;G;+GG;+T;+GGG;+GAC,indel,3893550,0,0,0.0286,0,0,0,0,0,0.008,0.0167,0,0,0.0435,0.0333,0,0.1,0,0.0172,0,0,0.0094,0,0,0,0,0,0.0149,0.1091,0.0323,0.0851,0.0462,0.093,0,0,0.0667,0.0227,0.1176,0.3,0.125,0,0.0769,0.1316,0.0952,0.3878,0.0556,0.1,0.0625,0.1613,0.2879,0.2439,0.2353,0.1538,0.1765,0.1429,0.0556,0.0213,0.1176,0.0952,0,0,0.0345,0,0,0,0.0357,0,0,0.0198,0.0227,0.0909,0.0698,0.0303,0,0.0256,0,0,0,0,0,0.0336,0.0833,0,0.0286,0.0625,0.0213,0.0303,0.1111,0,0.0278,0,0,0.0179,0.0345,0.0488,0.0882,0,0.0556,0.0244,0.037,0.0704,0.0303,0.0617,0.0333,0.0588,0.1364,0.0857,0,0.0317,0,0.0283,0.0256,0.0247,0.1266,0.1586,0.2647,0.3784,0.3111,0.3779,0.2821,0.2923
rbsA,junction_3895833_1_IS150_end,sv,3895833,0,0,0,0,0,0,0,0.5455,0.5435,0.2258,0.3871,0.9231,0.9706,1,1,1,1,1,1,1,1,1,1,1,1,1,1,1,1,1,1,1,1,1,1,1,1,1,1,1,1,1,1,1,1,1,1,1,1,1,1,1,1,1,1,1,1,1,1,1,1,1,1,1,1,1,1,1,1,1,1,1,1,1,1,1,1,1,1,1,1,1,1,1,1,1,1,1,1,1,1,1,1,1,1,1,1,1,1,1,1,1,1,1,1,1,1,1,1,1,1,1,1,1,1,1,1,1,1,1
ilvL,indel;-15,indel,3912148,0,0.0303,0,0,0,0,0,0,0,0,0,0,0,0,0,0,0,0,0,0,0,0,0,0,0,0,0,0,0.0329,0.1852,0.3571,0.5682,0.7931,0.9583,1,0.9714,1,1,1,1,1,1,1,1,1,1,1,1,1,1,1,1,1,1,1,1,1,1,1,1,1,1,1,1,1,1,1,1,1,1,1,1,1,1,1,1,1,1,1,1,1,1,1,1,1,1,1,1,1,1,1,1,1,1,1,0.9744,1,1,1,1,1,1,1,0.9831,1,1,1,1,1,0.9944,1,1,1,1,1,0.9739,1,1,1,1
ECB_03695,MOB_3966678_3966686_IS1_1,sv,3966678,0,0,0,0,0,0,0,0,0,0,0,0,0,0,0,0,0,0,0,0,0,0,0,0,0,0,0,0,0,0,0,0,0,0,0,0,0,0,0,0,0,0,0,0,0,0,0,0,0,0,0,0,0,0,0,0,0,0,0,0,0,0,0,0,0,0,0,0,0,0,0,0,0,0,0,0,0,0,0,0,0,0,0,0,0,0,0,0,0,0,0,0,0,0,0,0,0,0,0,0,0,0,0,0.0111,0.0333,0.1429,0.2951,0.3,0.2,0.1117,0,0,0,0,0,0,0,0,0,0
ECB_03715,indel;-11,indel,3987120,0,0,0,0,0,0,0,0,0,0,0,0,0,0,0,0,0,0,0,0,0,0,0,0,0,0,0,0,0,0,0,0,0,0,0,0,0,0,0,0,0,0,0,0,0,0,0,0,0,0,0,0,0,0,0,0,0,0,0,0,0,0,0,0,0,0.0435,0.0955,0.0119,0.0813,0,0,0.2051,0.1159,0.0952,0.0446,0.05,0,0,0,0,0,0,0,0,0,0,0,0,0,0,0,0,0,0,0,0,0,0,0,0,0,0,0,0,0,0,0,0,0,0,0,0,0,0,0,0,0,0,0,0
ECB_03716,C->T,missense,3987577,0,0,0,0,0,0,0.0625,0.48,0.2388,0.0385,0.0345,0,0,0,0,0,0,0,0,0,0,0,0,0,0,0,0,0,0,0,0,0,0,0,0,0,0,0,0,0,0,0,0,0,0,0,0,0,0,0,0,0,0,0,0,0,0,0,0,0,0,0,0,0,0,0,0,0,0,0,0,0,0,0,0,0,0,0,0,0,0,0,0,0,0,0,0,0,0,0,0,0,0,0,0,0,0,0,0,0,0,0,0,0,0,0,0,0,0,0,0,0,0,0,0,0,0,0,0,0
yihP,C->A,missense,4044245,0,0,0,0,0,0,0,0,0,0,0,0,0,0.85,0.8889,1,1,0.9459,1,1,1,1,1,1,1,1,1,1,1,1,1,1,1,1,1,1,1,1,1,1,1,1,1,1,1,1,1,1,1,1,1,1,1,1,1,1,1,1,1,1,1,1,0.8333,1,1,1,1,1,1,1,1,1,1,1,1,1,1,1,1,1,1,1,1,1,1,1,1,1,1,1,1,1,1,1,1,1,1,0.9677,1,1,1,1,1,1,1,1,1,1,1,1,1,1,1,1,1,1,1,1,1,1
yihS,G->T,missense,4049783,0,0,0,0,0,0,0,0,0,0,0,0,0,0,0,0,0,0,0,0,0,0,0,0,0,0,0,0,0,0,0,0,0,0,0,0,0,0,0,0,0,0,0,0,0.0857,0.0476,0.1053,0.0882,0.0196,0.0312,0.05,0,0,0,0,0,0,0,0,0,0,0,0,0,0,0,0,0,0,0,0,0,0,0,0,0,0,0,0,0,0,0,0,0,0,0,0,0,0,0,0,0,0,0,0,0,0,0,0,0,0,0,0,0,0,0,0,0,0,0,0,0,0,0,0,0,0,0,0,0
frvR,C->T,missense,4067722,0,0,0,0,0,0,0,0,0,0,0,0,0,0,0,0,0,0,0,0,0,0,0,0,0,0,0,0,0.0476,0.24,0.1316,0,0.0345,0,0,0,0,0,0,0,0,0,0,0,0,0,0,0,0,0,0,0,0,0,0,0,0,0,0,0,0,0,0,0,0,0,0,0,0,0,0,0,0,0,0,0,0,0,0,0,0,0,0,0,0,0,0,0,0,0,0,0,0,0,0,0,0,0,0,0,0,0,0,0,0,0,0,0,0,0,0,0,0,0,0,0,0,0,0,0
cpxR,C->T,missense,4084816,0,0,0,0,0,0,0,0,0,0,0,0,0,0,0,0,0,0,0,0,0,0,0,0,0,0,0,0.0294,0,0,0,0,0,0,0,0,0.1818,0.7333,0.9333,0.9286,0.9,0.8636,0.8824,0.8548,0.7143,1,1,1,1,1,1,1,1,1,1,1,1,1,1,1,1,1,1,1,1,1,1,1,1,1,1,1,1,1,1,0.9375,1,1,1,1,1,1,1,1,1,1,1,1,1,1,1,0.9714,1,1,1,1,0.9697,1,1,1,1,1,1,1,1,1,1,1,1,1,1,1,1,1,1,1,1,1,1,1
hslU,T->G,missense,4101091,0,0,0,0,0,0.8197,1,1,1,0.9792,1,1,1,1,1,1,1,1,1,1,0.9877,1,1,1,1,1,1,1,1,1,1,1,1,1,1,1,1,1,1,1,1,1,1,1,1,1,1,1,1,1,1,1,1,1,1,1,1,1,1,1,1,1,1,1,1,1,1,1,1,1,1,1,1,1,1,1,1,1,1,1,1,1,1,1,1,1,1,1,1,1,1,1,1,1,1,1,1,1,1,1,1,1,1,1,1,1,1,1,1,1,1,1,1,1,1,1,0.9688,1,1,1
cytR,indel;-13,indel,4103968,0,0,0,0,0,0,0,0,0,0,0,0,0,0,0,0,0,0,0,0,0,0,0,0,0,0,0,0,0,0,0,0,0,0,0,0,0,0,0,0,0,0,0,0,0,0,0,0,0,0,0,0,0,0,0.087,0.0506,0.0541,0,0.1429,0.0816,0.087,0,0,0.1081,0.0339,0.2759,0.1212,0.4238,0.4091,0.6286,0.8333,0.2353,0.1277,0.0225,0.16,0.0667,0,0,0,0,0,0.1053,0.0909,0,0,0,0,0,0,0,0,0,0,0,0,0,0,0,0,0,0,0,0,0,0,0,0,0,0,0,0,0,0,0,0,0,0,0,0,0
ppc,T->G,missense,4132098,0,0,0,0,0,0,0,0,0,0,0,0,0,0,0,0,0,0,0,0,0,0,0,0,0,0,0,0,0,0,0,0,0,0,0,0,0,0,0,0,0,0,0.0952,0.0854,0.325,0.1,0.0286,0,0,0,0,0,0,0,0,0,0,0,0,0,0,0,0,0,0,0,0,0,0,0,0,0,0,0,0,0,0,0,0,0,0,0,0,0,0,0,0,0,0,0,0,0,0,0,0,0,0,0,0,0,0,0,0,0,0,0,0,0,0,0,0,0,0,0,0,0,0,0,0,0
rplL,C->T,missense,4160448,0,0,0,0,0,0,0,0,0,0,0,0,0,0,0,0,0,0,0,0,0,0,0,0,0,0,0,0,0,0,0,0,0,0,0,0,0,0,0,0,0,0,0,0,0,0,0,0,0,0,0,0,0,0,0,0,0,0,0,0,0.037,0.16,0.4444,0.0714,0.5185,0.8333,0.125,0.1071,0.3333,0.2692,0.0667,0,0,0,0,0,0,0,0,0,0,0,0,0,0,0,0,0,0.0455,0,0,0,0,0,0,0,0,0,0,0,0,0,0,0,0,0,0,0,0,0,0,0,0,0,0,0,0,0,0,0
intergenic,T->G,noncoding,4179771,0,0,0,0,0,0,0,0,0,0,0,0,0,0,0,0,0,0,0,0,0,0,0,0,0,0,0,0.0303,0,0,0,0,0,0,0,0,0,0,0,0,0,0,0,0,0,0,0,0,0,0,0,0,0,0,0,0,0,0,0,0,0,0,0,0,0.1944,0.2941,0.1429,0.1515,0.0577,0.2105,0,0.0417,0,0,0,0,0,0,0,0,0,0,0,0,0,0,0,0,0,0,0,0,0,0,0,0,0,0,0,0,0,0,0,0,0,0,0,0,0,0,0,0,0,0,0,0,0,0,0,0
iclR,A->C,missense,4202388,0,0,0,0,0,0,0,0,0,0,0,0,0,0,0,0,0,0,0.1176,0.25,0.9649,1,1,1,1,1,1,1,1,1,1,1,1,1,1,1,1,1,1,1,1,1,1,1,1,1,1,1,1,1,1,1,1,1,1,1,1,1,1,1,1,1,1,1,1,1,1,1,1,1,1,1,1,1,1,1,1,1,1,0.9747,1,1,1,1,1,1,1,1,1,1,1,1,1,1,1,1,1,1,1,0.9459,1,1,1,1,1,1,1,1,1,1,1,1,1,1,1,1,1,1,1,1
metH,G->T,nonsense,4204025,0,0,0,0,0,0,0,0,0,0,0,0,0,0,0.0526,0,0.6452,0.9714,1,1,1,1,1,1,1,1,1,1,1,1,1,1,1,1,1,1,1,1,1,1,1,1,1,1,1,1,1,1,1,1,1,1,1,1,1,1,1,1,1,1,1,1,1,1,1,1,1,1,1,1,1,1,1,1,1,1,1,1,1,1,1,1,1,1,1,1,1,1,1,1,1,1,1,1,1,1,1,1,1,1,1,1,1,1,1,1,1,1,1,0.9806,1,1,1,1,1,1,1,1,1,1
acs,T->C,noncoding,4266339,0,0,0,0,0,0,0,0,0,0,0,0,0,0,0,0,0,0,0,0,0,0,0.0303,0,0,0,0,0,0,0,0,0,0,0,0,0.0189,0,0,0,0,0,0,0,0,0,0,0,0,0,0,0,0,0,0,0,0,0,0,0,0,0,0,0,0,0,0,0,0,0,0,0.08,0.5897,0.6034,0.6667,0.8333,0.75,1,0.9412,1,0.967,1,0.92,1,1,1,0.9,1,0.95,1,1,1,0.9833,0.9535,0.9474,1,1,1,1,1,1,1,1,1,1,1,1,1,0.9846,1,1,1,1,1,0.9884,1,1,1,1,1,0.9925
acs,C->A,noncoding,4266390,0,0,0,0.2174,0,0.1714,0.3333,0.0435,0.0156,0,0,0,0.0588,0,0,0,0,0,0,0,0,0,0,0,0,0,0,0.0192,0,0,0,0,0,0,0,0,0,0,0,0,0,0,0,0,0,0,0,0,0,0,0,0,0,0,0,0,0,0,0,0,0,0,0,0,0,0,0,0,0,0,0,0,0,0,0,0,0,0,0,0,0,0,0,0,0,0,0,0,0,0,0,0,0,0,0,0,0,0,0,0,0,0,0,0,0,0,0,0,0,0,0,0,0,0,0,0,0,0,0,0
intergenic,indel;-5,indel,4329503,0,0,0,0,0,0,0,0,0,0,0,0,0,0,0,0,0,0,0,0,0,0,0,0,0,0,0,0,0,0,0.0168,0,0,0,0,0,0,0.2535,0.36870000000000003,0.3475,0.56,0.4912,0.3636,0.4711,0.4,0.8846,0.9109,0.8529,0.74,1,0.6667,0.5385,0.75,0.6364,0.7692,0.9783,1,1,1,1,1,1,1,1,1,1,1,0.9878,1,1,1,1,1,1,1,1,1,1,1,1,1,1,1,1,1,1,1,1,1,1,1,0.9828,1,1,1,1,1,1,1,1,1,1,1,1,1,1,1,1,1,1,1,1,1,1,1,0.9623,1,0.9941,1,1
intergenic,A->C,noncoding,4330334,0,0,0,0,0,0,0,0,0,0,0,0,0,0,0,0,0,0,0,0,0,0,0,0,0,0,0,0,0,0,0,0,0,0,0,0,0,0,0,0,0,0,0,0,0,0,0,0,0,0,0,0,0,0,0,0.0317,0.2121,0.1071,0.0862,0.0204,0,0,0,0,0,0,0,0,0,0,0,0,0,0,0,0,0,0,0,0,0,0,0,0,0,0.0263,0,0,0,0,0,0,0,0,0,0,0,0,0,0,0,0,0,0,0,0,0,0,0,0,0,0,0,0,0,0,0,0,0,0
hflC,G->A,missense,4381866,0,0,0,0,0,0,0,0,0,0,0,0,0,0,0,0,0,0,0,0,0,0,0,0,0,0,0,0,0,0,0,0,0,0,0,0,0,0,0,0,0,0,0,0,0,0,0,0,0,0,0,0,0,0,0,0,0.0833,0.4,0.3333,0.8148,0.7547,0.6129,0.75,0.1765,0.7059,0.5556,0.2778,0.2237,0.2414,0.3667,0.2083,0.2222,0.125,0.0513,0.15,0.15,0,0,0,0,0,0,0,0,0,0,0,0,0,0,0,0,0,0,0,0,0,0,0,0,0,0,0,0,0,0,0,0,0,0,0,0,0,0,0,0,0,0,0,0
yjfR,T->G,noncoding,4397787,0,0,0,0,0,0,0,0,0,0,0,0,0,0,0,0,0,0,0,0,0,0,0,0,0,0,0,0,0,0,0,0,0,0,0,0,0,0,0,0,0,0,0,0,0,0,0,0,0,0,0,0,0,0,0,0,0,0,0,0,0,0,0,0,0,0,0,0,0,0,0,0,0,0,0,0,0,0,0,0,0,0,0,0,0,0,0,0,0,0,0,0,0,0,0,0,0,0,0,0,0,0,0,0,0,0,0,0,0,0,0,0.0179,0.0852,0.1863,0.125,0.0652,0.0385,0.0584,0.0909,0.0674
intergenic,A->C,noncoding,4414607,0,0,0,0,0,0,0,0,0,0,0,0,0,0,0,0,0,0,0,0,0,0,0,0,0,0,0,0,0,0,0,0,0,0,0,0,0,0,0,0,0,0,0,0,0,0,0,0,0,0,0,0,0,0.125,0.1875,0.375,0.3478,0.1724,0.2667,0.1739,0.1667,0.1667,0.24,0.1562,0.1915,0.1364,0.2727,0.26,0.4857,0.125,0.0698,0.5122,0.6981,0.6875,0.9167,0.9355,1,1,1,0.9794,1,1,1,1,1,1,1,1,1,0.9375,1,1,1,0.963,1,1,1,1,1,1,1,0.9865,1,1,1,1,1,1,1,1,0.9615,1,1,1,1,1,1,1,1,1
intergenic,G->A,noncoding,4450683,0,0,0,0,0,0,0,0,0,0,0,0,0,0,0,0,0,0,0,0,0,0,0,0,0,0,0,0,0,0,0,0,0,0,0,0,0,0,0,0,0,0,0,0,0,0,0,0,0,0,0,0,0,0,0,0,0,0,0,0,0,0,0,0,0.24,0.75,0.1905,0.2632,0.2258,0.1304,0.0732,0.0294,0,0,0,0,0,0,0,0,0,0,0,0,0,0,0,0,0,0,0,0,0,0,0,0,0,0,0,0,0,0,0,0,0,0,0,0,0,0,0,0,0,0,0,0,0,0,0.0164,0
mgtA,A->G,missense,4452961,0,0,0,0,0,0,0,0,0,0,0,0,0,0,0,0,0,0,0,0,0,0,0,0,0,0,0,0,0,0,0,0,0,0,0,0,0,0,0,0,0,0,0,0,0,0,0,0,0,0,0,0,0,0,0,0,0,0,0,0,0,0,0,0,0,0,0,0,0,0,0,0,0,0,0,0,0,0,0,0,0,0,0,0,0,0,0,0,0,0,0,0,0,0,0,0,0,0,0,0,0,0,0,0,0,0,0,0,0,0,0,0,0,0.0065,0,0.013,0.0182,0.0625,0.1222,0.084
yjgN,MOB_4462693_4462701_IS1_1,sv,4462693,0,0,0,0,0,0,0.0435,0,0,0,0,0,0,0,0,0,0,0,0,0,0,0,0,0,0,0,0,0,0,0,0,0,0,0,0,0,0,0,0,0.049,0,0.0475,0.0908,0.0732,0.4109,0.8189,0.7962,0.7776,0.6961,0.6614,0.5684,0.7676,0.858,0.8307,0.9064,0.9866,0.9769,0.9735,0.9619,1,1,0.9839,1,1,0.9637,1,0.9768,0.9935,1,0.984,1,0.9859,1,1,0.9712,1,0.9873,0.975,0.9817,0.9937,0.9696,0.9814,0.955,0.9517,1,1,0.9524,0.967,0.987,1,0.9658,0.9758,1,1,0.9835,1,0.9855,1,1,0.9569,0.9868,1,1,1,1,0.9864,0.9718,0.9828,1,0.9859,0.9728,0.9868,0.9976,0.9968,1,1,0.9861,0.9854,0.9932,0.9878
fimA,MOB_4524522_4524527_IS186_-1,sv,4524522,0,0,0,0,0,0.0092,0,0,0.0101,0.0222,0.0179,0,0.0556,0.0092,0.0725,0,0.0217,0,0,0.0294,0.006,0.0328,0,0.0471,0.0169,0.037,0.0116,0.0333,0.0187,0.038,0.02,0.0167,0.0294,0.0202,0.0286,0.0508,0.1091,0.0152,0.0405,0.0345,0,0.0328,0,0.0163,0.0123,0,0,0,0.0265,0.025,0.025,0,0,0,0.0541,0,0.0244,0.0323,0,0.025,0.0075,0.0154,0.0455,0,0.0959,0.0488,0,0.0286,0.0891,0.1493,0.1061,0.0741,0.0211,0.025,0.0455,0.0345,0.0233,0.0444,0.0233,0.0542,0.0408,0,0,0,0.0467,0,0.0513,0.1034,0,0,0,0.0075,0.0526,0.0833,0.0361,0.0299,0,0.013,0.0312,0.0081,0.0395,0.0102,0.0638,0.046,0,0,0,0.0348,0.087,0.0116,0,0.0136,0.0268,0.0704,0.0145,0.0164,0.0317,0.0241,0.0994,0.1238
hsdS,MOB_4558694_4558701_IS1_-1,sv,4558694,0,0,0,0,0,0,0,0,0,0,0,0,0,0,0,0,0,0,0,0,0,0,0,0,0,0,0,0,0,0,0,0.0145,0,0,0,0,0,0,0,0,0,0,0,0,0,0,0,0,0,0,0,0,0,0,0,0,0,0,0,0,0,0,0,0,0,0,0,0,0,0,0,0,0,0,0,0,0,0,0,0,0,0,0,0,0,0,0,0,0,0,0.1111,0.9518,1,1,0.9596,1,0.9804,1,0.9855,0.9732,0.9524,0.9675,0.9643,0.9706,0.9302,0.9792,0.9643,0.97,1,0.9835,0.9655,0.9571,0.9522,0.9544,0.9672,0.96,0.9634,0.9539,0.9815,0.9676
hpaD,T->G,missense,4576626,0,0,0,0,0,0,0,0,0,0,0,0,0,0,0,0,0,0,0,0,0,0,0,0,0,0,0,0,0,0,0,0,0,0,0,0,0,0,0,0.0556,0,0.1463,0.2667,0.2358,0.2121,0.1923,0.1818,0.1613,0.2045,0.25,0.2143,0.3529,0.1081,0.1579,0.3846,0.05,0.1176,0,0,0,0,0,0,0,0,0,0,0,0,0,0,0,0,0,0,0,0,0,0,0,0,0,0,0,0,0,0,0,0,0,0,0,0,0,0,0,0,0,0,0,0,0,0,0,0,0,0,0,0,0,0,0,0,0,0,0,0,0,0,0
nadR,A->G,missense,4616409,0.0044,0,0,0,0,0,0,0,0,0,0,0.0645,0.5,0.8095,0.9615,1,1,1,1,1,1,1,1,1,1,1,1,1,1,1,1,1,1,1,1,1,1,1,1,1,1,1,1,0.9811,1,1,1,1,1,1,1,1,1,1,1,1,1,1,1,1,1,1,1,1,1,1,1,1,1,1,1,1,1,1,1,1,1,1,1,1,1,1,1,1,1,1,1,1,1,1,1,1,1,1,1,1,1,1,1,1,1,1,1,1,1,1,1,1,1,1,1,1,1,1,1,1,1,1,1,1
arcA,A->G,missense,4627793,0,0,0.125,0,0,0,0,0,0,0,0,0,0,0.6667,0.7727,0.9167,1,1,1,1,1,1,1,1,1,1,1,1,1,1,1,1,1,1,1,1,1,1,1,1,1,1,1,1,1,1,1,1,1,1,1,1,1,1,1,1,1,1,1,1,1,1,1,1,1,1,1,1,1,1,1,1,1,1,1,1,1,1,1,1,1,1,1,1,1,1,1,1,1,1,1,1,1,1,1,1,1,1,1,1,1,0.9444,1,1,1,1,1,1,1,1,1,1,1,1,1,1,1,1,1,1
